Maximum,118.0,@,No.1136,,,,,,
Minimum,-0.1,@,No.2278,,,,,,
Average,42.74,,,,,,,,
Data Quantity,2292,,,,,,,,
Number of NG,0,,,,,,,,
No.,Force,Unit,Displacement,Unit,Judge,Position,Time,Date,
1,0.0,gf,0.000,mm,OK,--,,,
2,0.0,gf,0.000,mm,OK,--,,,
3,0.0,gf,0.000,mm,OK,--,,,
4,0.0,gf,0.000,mm,OK,--,,,
5,0.0,gf,0.000,mm,OK,--,,,
6,0.0,gf,0.000,mm,OK,--,,,
7,0.0,gf,0.000,mm,OK,--,,,
8,0.0,gf,0.000,mm,OK,--,,,
9,0.0,gf,0.000,mm,OK,--,,,
10,0.0,gf,0.000,mm,OK,--,,,
11,0.0,gf,0.000,mm,OK,--,,,
12,0.0,gf,0.000,mm,OK,--,,,
13,0.0,gf,0.000,mm,OK,--,,,
14,0.0,gf,0.000,mm,OK,--,,,
15,0.0,gf,0.000,mm,OK,--,,,
16,0.0,gf,0.000,mm,OK,--,,,
17,0.0,gf,0.000,mm,OK,--,,,
18,0.0,gf,0.000,mm,OK,--,,,
19,0.0,gf,0.000,mm,OK,--,,,
20,0.8,gf,0.005,mm,OK,--,,,
21,1.7,gf,0.005,mm,OK,--,,,
22,2.7,gf,0.010,mm,OK,--,,,
23,3.7,gf,0.010,mm,OK,--,,,
24,5.0,gf,0.015,mm,OK,--,,,
25,6.3,gf,0.020,mm,OK,--,,,
26,7.7,gf,0.020,mm,OK,--,,,
27,9.1,gf,0.025,mm,OK,--,,,
28,10.6,gf,0.025,mm,OK,--,,,
29,12.0,gf,0.030,mm,OK,--,,,
30,13.5,gf,0.035,mm,OK,--,,,
31,15.0,gf,0.035,mm,OK,--,,,
32,16.6,gf,0.040,mm,OK,--,,,
33,18.2,gf,0.040,mm,OK,--,,,
34,19.7,gf,0.045,mm,OK,--,,,
35,21.2,gf,0.050,mm,OK,--,,,
36,22.4,gf,0.050,mm,OK,--,,,
37,23.6,gf,0.055,mm,OK,--,,,
38,24.8,gf,0.055,mm,OK,--,,,
39,26.0,gf,0.060,mm,OK,--,,,
40,27.1,gf,0.065,mm,OK,--,,,
41,28.2,gf,0.065,mm,OK,--,,,
42,29.3,gf,0.070,mm,OK,--,,,
43,30.4,gf,0.070,mm,OK,--,,,
44,31.4,gf,0.075,mm,OK,--,,,
45,32.4,gf,0.080,mm,OK,--,,,
46,33.4,gf,0.080,mm,OK,--,,,
47,34.3,gf,0.085,mm,OK,--,,,
48,35.1,gf,0.085,mm,OK,--,,,
49,35.9,gf,0.090,mm,OK,--,,,
50,36.6,gf,0.095,mm,OK,--,,,
51,37.2,gf,0.095,mm,OK,--,,,
52,37.8,gf,0.100,mm,OK,--,,,
53,38.3,gf,0.100,mm,OK,--,,,
54,38.8,gf,0.105,mm,OK,--,,,
55,39.3,gf,0.110,mm,OK,--,,,
56,39.8,gf,0.110,mm,OK,--,,,
57,40.3,gf,0.115,mm,OK,--,,,
58,40.7,gf,0.115,mm,OK,--,,,
59,41.1,gf,0.120,mm,OK,--,,,
60,41.6,gf,0.125,mm,OK,--,,,
61,42.0,gf,0.125,mm,OK,--,,,
62,42.4,gf,0.130,mm,OK,--,,,
63,42.7,gf,0.130,mm,OK,--,,,
64,43.1,gf,0.135,mm,OK,--,,,
65,43.5,gf,0.140,mm,OK,--,,,
66,43.8,gf,0.140,mm,OK,--,,,
67,44.2,gf,0.145,mm,OK,--,,,
68,44.5,gf,0.145,mm,OK,--,,,
69,44.8,gf,0.150,mm,OK,--,,,
70,45.1,gf,0.155,mm,OK,--,,,
71,45.4,gf,0.155,mm,OK,--,,,
72,45.7,gf,0.160,mm,OK,--,,,
73,46.0,gf,0.160,mm,OK,--,,,
74,46.3,gf,0.165,mm,OK,--,,,
75,46.5,gf,0.170,mm,OK,--,,,
76,46.8,gf,0.170,mm,OK,--,,,
77,47.0,gf,0.175,mm,OK,--,,,
78,47.3,gf,0.175,mm,OK,--,,,
79,47.5,gf,0.180,mm,OK,--,,,
80,47.8,gf,0.185,mm,OK,--,,,
81,48.0,gf,0.185,mm,OK,--,,,
82,48.2,gf,0.190,mm,OK,--,,,
83,48.4,gf,0.190,mm,OK,--,,,
84,48.7,gf,0.195,mm,OK,--,,,
85,48.9,gf,0.200,mm,OK,--,,,
86,49.1,gf,0.200,mm,OK,--,,,
87,49.3,gf,0.205,mm,OK,--,,,
88,49.5,gf,0.205,mm,OK,--,,,
89,49.7,gf,0.210,mm,OK,--,,,
90,49.9,gf,0.215,mm,OK,--,,,
91,50.1,gf,0.215,mm,OK,--,,,
92,50.3,gf,0.220,mm,OK,--,,,
93,50.5,gf,0.220,mm,OK,--,,,
94,50.7,gf,0.225,mm,OK,--,,,
95,50.9,gf,0.230,mm,OK,--,,,
96,51.0,gf,0.230,mm,OK,--,,,
97,51.2,gf,0.235,mm,OK,--,,,
98,51.4,gf,0.235,mm,OK,--,,,
99,51.6,gf,0.240,mm,OK,--,,,
100,51.8,gf,0.245,mm,OK,--,,,
101,51.9,gf,0.245,mm,OK,--,,,
102,52.1,gf,0.250,mm,OK,--,,,
103,52.3,gf,0.250,mm,OK,--,,,
104,52.4,gf,0.255,mm,OK,--,,,
105,52.6,gf,0.260,mm,OK,--,,,
106,52.7,gf,0.260,mm,OK,--,,,
107,52.8,gf,0.265,mm,OK,--,,,
108,53.0,gf,0.265,mm,OK,--,,,
109,53.1,gf,0.270,mm,OK,--,,,
110,53.2,gf,0.275,mm,OK,--,,,
111,53.3,gf,0.275,mm,OK,--,,,
112,53.5,gf,0.280,mm,OK,--,,,
113,53.6,gf,0.280,mm,OK,--,,,
114,53.6,gf,0.285,mm,OK,--,,,
115,53.7,gf,0.290,mm,OK,--,,,
116,53.8,gf,0.290,mm,OK,--,,,
117,53.9,gf,0.295,mm,OK,--,,,
118,53.9,gf,0.295,mm,OK,--,,,
119,54.0,gf,0.300,mm,OK,--,,,
120,54.0,gf,0.305,mm,OK,--,,,
121,54.1,gf,0.305,mm,OK,--,,,
122,54.1,gf,0.310,mm,OK,--,,,
123,54.2,gf,0.310,mm,OK,--,,,
124,54.2,gf,0.315,mm,OK,--,,,
125,54.3,gf,0.320,mm,OK,--,,,
126,54.3,gf,0.320,mm,OK,--,,,
127,54.4,gf,0.325,mm,OK,--,,,
128,54.4,gf,0.325,mm,OK,--,,,
129,54.5,gf,0.330,mm,OK,--,,,
130,54.5,gf,0.335,mm,OK,--,,,
131,54.5,gf,0.335,mm,OK,--,,,
132,54.6,gf,0.340,mm,OK,--,,,
133,54.6,gf,0.340,mm,OK,--,,,
134,54.7,gf,0.345,mm,OK,--,,,
135,54.7,gf,0.350,mm,OK,--,,,
136,54.7,gf,0.350,mm,OK,--,,,
137,54.8,gf,0.355,mm,OK,--,,,
138,54.8,gf,0.355,mm,OK,--,,,
139,54.8,gf,0.360,mm,OK,--,,,
140,54.8,gf,0.365,mm,OK,--,,,
141,54.9,gf,0.365,mm,OK,--,,,
142,54.9,gf,0.370,mm,OK,--,,,
143,54.9,gf,0.370,mm,OK,--,,,
144,54.9,gf,0.375,mm,OK,--,,,
145,54.9,gf,0.380,mm,OK,--,,,
146,55.0,gf,0.380,mm,OK,--,,,
147,55.0,gf,0.385,mm,OK,--,,,
148,55.0,gf,0.385,mm,OK,--,,,
149,55.0,gf,0.390,mm,OK,--,,,
150,55.0,gf,0.395,mm,OK,--,,,
151,55.0,gf,0.395,mm,OK,--,,,
152,55.0,gf,0.400,mm,OK,--,,,
153,55.0,gf,0.400,mm,OK,--,,,
154,55.0,gf,0.405,mm,OK,--,,,
155,55.0,gf,0.410,mm,OK,--,,,
156,55.0,gf,0.410,mm,OK,--,,,
157,55.0,gf,0.415,mm,OK,--,,,
158,55.0,gf,0.415,mm,OK,--,,,
159,54.9,gf,0.420,mm,OK,--,,,
160,54.9,gf,0.425,mm,OK,--,,,
161,54.9,gf,0.425,mm,OK,--,,,
162,54.9,gf,0.430,mm,OK,--,,,
163,54.8,gf,0.430,mm,OK,--,,,
164,54.8,gf,0.435,mm,OK,--,,,
165,54.8,gf,0.440,mm,OK,--,,,
166,54.8,gf,0.440,mm,OK,--,,,
167,54.7,gf,0.445,mm,OK,--,,,
168,54.7,gf,0.445,mm,OK,--,,,
169,54.7,gf,0.450,mm,OK,--,,,
170,54.6,gf,0.455,mm,OK,--,,,
171,54.6,gf,0.455,mm,OK,--,,,
172,54.5,gf,0.460,mm,OK,--,,,
173,54.5,gf,0.460,mm,OK,--,,,
174,54.5,gf,0.465,mm,OK,--,,,
175,54.4,gf,0.470,mm,OK,--,,,
176,54.4,gf,0.470,mm,OK,--,,,
177,54.4,gf,0.475,mm,OK,--,,,
178,54.3,gf,0.475,mm,OK,--,,,
179,54.3,gf,0.480,mm,OK,--,,,
180,54.2,gf,0.485,mm,OK,--,,,
181,54.2,gf,0.485,mm,OK,--,,,
182,54.1,gf,0.490,mm,OK,--,,,
183,54.1,gf,0.490,mm,OK,--,,,
184,54.1,gf,0.495,mm,OK,--,,,
185,54.0,gf,0.500,mm,OK,--,,,
186,54.0,gf,0.500,mm,OK,--,,,
187,53.9,gf,0.505,mm,OK,--,,,
188,53.9,gf,0.505,mm,OK,--,,,
189,53.9,gf,0.510,mm,OK,--,,,
190,53.8,gf,0.515,mm,OK,--,,,
191,53.8,gf,0.515,mm,OK,--,,,
192,53.7,gf,0.520,mm,OK,--,,,
193,53.7,gf,0.520,mm,OK,--,,,
194,53.6,gf,0.525,mm,OK,--,,,
195,53.6,gf,0.530,mm,OK,--,,,
196,53.5,gf,0.530,mm,OK,--,,,
197,53.5,gf,0.535,mm,OK,--,,,
198,53.4,gf,0.535,mm,OK,--,,,
199,53.4,gf,0.540,mm,OK,--,,,
200,53.3,gf,0.545,mm,OK,--,,,
201,53.3,gf,0.545,mm,OK,--,,,
202,53.2,gf,0.550,mm,OK,--,,,
203,53.2,gf,0.550,mm,OK,--,,,
204,53.1,gf,0.555,mm,OK,--,,,
205,53.0,gf,0.560,mm,OK,--,,,
206,53.0,gf,0.560,mm,OK,--,,,
207,52.9,gf,0.565,mm,OK,--,,,
208,52.9,gf,0.565,mm,OK,--,,,
209,52.8,gf,0.570,mm,OK,--,,,
210,52.8,gf,0.575,mm,OK,--,,,
211,52.7,gf,0.575,mm,OK,--,,,
212,52.6,gf,0.580,mm,OK,--,,,
213,52.6,gf,0.580,mm,OK,--,,,
214,52.5,gf,0.585,mm,OK,--,,,
215,52.4,gf,0.590,mm,OK,--,,,
216,52.4,gf,0.590,mm,OK,--,,,
217,52.3,gf,0.595,mm,OK,--,,,
218,52.2,gf,0.595,mm,OK,--,,,
219,52.2,gf,0.600,mm,OK,--,,,
220,52.1,gf,0.605,mm,OK,--,,,
221,52.0,gf,0.605,mm,OK,--,,,
222,52.0,gf,0.610,mm,OK,--,,,
223,51.9,gf,0.610,mm,OK,--,,,
224,51.8,gf,0.615,mm,OK,--,,,
225,51.8,gf,0.620,mm,OK,--,,,
226,51.7,gf,0.620,mm,OK,--,,,
227,51.6,gf,0.625,mm,OK,--,,,
228,51.6,gf,0.625,mm,OK,--,,,
229,51.5,gf,0.630,mm,OK,--,,,
230,51.4,gf,0.635,mm,OK,--,,,
231,51.4,gf,0.635,mm,OK,--,,,
232,51.3,gf,0.640,mm,OK,--,,,
233,51.2,gf,0.640,mm,OK,--,,,
234,51.2,gf,0.645,mm,OK,--,,,
235,51.1,gf,0.650,mm,OK,--,,,
236,51.0,gf,0.650,mm,OK,--,,,
237,51.0,gf,0.655,mm,OK,--,,,
238,50.9,gf,0.655,mm,OK,--,,,
239,50.8,gf,0.660,mm,OK,--,,,
240,50.8,gf,0.665,mm,OK,--,,,
241,50.7,gf,0.665,mm,OK,--,,,
242,50.6,gf,0.670,mm,OK,--,,,
243,50.6,gf,0.670,mm,OK,--,,,
244,50.5,gf,0.675,mm,OK,--,,,
245,50.5,gf,0.680,mm,OK,--,,,
246,50.4,gf,0.680,mm,OK,--,,,
247,50.3,gf,0.685,mm,OK,--,,,
248,50.3,gf,0.685,mm,OK,--,,,
249,50.2,gf,0.690,mm,OK,--,,,
250,50.1,gf,0.695,mm,OK,--,,,
251,50.1,gf,0.695,mm,OK,--,,,
252,50.0,gf,0.700,mm,OK,--,,,
253,50.0,gf,0.700,mm,OK,--,,,
254,49.9,gf,0.705,mm,OK,--,,,
255,49.8,gf,0.710,mm,OK,--,,,
256,49.8,gf,0.710,mm,OK,--,,,
257,49.7,gf,0.715,mm,OK,--,,,
258,49.7,gf,0.715,mm,OK,--,,,
259,49.6,gf,0.720,mm,OK,--,,,
260,49.5,gf,0.725,mm,OK,--,,,
261,49.5,gf,0.725,mm,OK,--,,,
262,49.4,gf,0.730,mm,OK,--,,,
263,49.4,gf,0.730,mm,OK,--,,,
264,49.3,gf,0.735,mm,OK,--,,,
265,49.2,gf,0.740,mm,OK,--,,,
266,49.2,gf,0.740,mm,OK,--,,,
267,49.1,gf,0.745,mm,OK,--,,,
268,49.0,gf,0.745,mm,OK,--,,,
269,49.0,gf,0.750,mm,OK,--,,,
270,48.9,gf,0.755,mm,OK,--,,,
271,48.9,gf,0.755,mm,OK,--,,,
272,48.8,gf,0.760,mm,OK,--,,,
273,48.7,gf,0.760,mm,OK,--,,,
274,48.7,gf,0.765,mm,OK,--,,,
275,48.6,gf,0.770,mm,OK,--,,,
276,48.6,gf,0.770,mm,OK,--,,,
277,48.5,gf,0.775,mm,OK,--,,,
278,48.4,gf,0.775,mm,OK,--,,,
279,48.4,gf,0.780,mm,OK,--,,,
280,48.3,gf,0.785,mm,OK,--,,,
281,48.2,gf,0.785,mm,OK,--,,,
282,48.2,gf,0.790,mm,OK,--,,,
283,48.1,gf,0.790,mm,OK,--,,,
284,48.1,gf,0.795,mm,OK,--,,,
285,48.0,gf,0.800,mm,OK,--,,,
286,47.9,gf,0.800,mm,OK,--,,,
287,47.9,gf,0.805,mm,OK,--,,,
288,47.8,gf,0.805,mm,OK,--,,,
289,47.8,gf,0.810,mm,OK,--,,,
290,47.7,gf,0.815,mm,OK,--,,,
291,47.6,gf,0.815,mm,OK,--,,,
292,47.6,gf,0.820,mm,OK,--,,,
293,47.5,gf,0.820,mm,OK,--,,,
294,47.4,gf,0.825,mm,OK,--,,,
295,47.4,gf,0.830,mm,OK,--,,,
296,47.3,gf,0.830,mm,OK,--,,,
297,47.3,gf,0.835,mm,OK,--,,,
298,47.2,gf,0.835,mm,OK,--,,,
299,47.1,gf,0.840,mm,OK,--,,,
300,47.1,gf,0.845,mm,OK,--,,,
301,47.0,gf,0.845,mm,OK,--,,,
302,47.0,gf,0.850,mm,OK,--,,,
303,46.9,gf,0.850,mm,OK,--,,,
304,46.8,gf,0.855,mm,OK,--,,,
305,46.8,gf,0.860,mm,OK,--,,,
306,46.7,gf,0.860,mm,OK,--,,,
307,46.6,gf,0.865,mm,OK,--,,,
308,46.6,gf,0.865,mm,OK,--,,,
309,46.5,gf,0.870,mm,OK,--,,,
310,46.5,gf,0.875,mm,OK,--,,,
311,46.4,gf,0.875,mm,OK,--,,,
312,46.3,gf,0.880,mm,OK,--,,,
313,46.3,gf,0.880,mm,OK,--,,,
314,46.2,gf,0.885,mm,OK,--,,,
315,46.2,gf,0.890,mm,OK,--,,,
316,46.1,gf,0.890,mm,OK,--,,,
317,46.0,gf,0.895,mm,OK,--,,,
318,46.0,gf,0.895,mm,OK,--,,,
319,45.9,gf,0.900,mm,OK,--,,,
320,45.9,gf,0.905,mm,OK,--,,,
321,45.8,gf,0.905,mm,OK,--,,,
322,45.7,gf,0.910,mm,OK,--,,,
323,45.7,gf,0.910,mm,OK,--,,,
324,45.6,gf,0.915,mm,OK,--,,,
325,45.6,gf,0.920,mm,OK,--,,,
326,45.5,gf,0.920,mm,OK,--,,,
327,45.4,gf,0.925,mm,OK,--,,,
328,45.4,gf,0.925,mm,OK,--,,,
329,45.3,gf,0.930,mm,OK,--,,,
330,45.3,gf,0.935,mm,OK,--,,,
331,45.2,gf,0.935,mm,OK,--,,,
332,45.1,gf,0.940,mm,OK,--,,,
333,45.1,gf,0.940,mm,OK,--,,,
334,45.0,gf,0.945,mm,OK,--,,,
335,45.0,gf,0.950,mm,OK,--,,,
336,44.9,gf,0.950,mm,OK,--,,,
337,44.9,gf,0.955,mm,OK,--,,,
338,44.8,gf,0.955,mm,OK,--,,,
339,44.7,gf,0.960,mm,OK,--,,,
340,44.7,gf,0.965,mm,OK,--,,,
341,44.6,gf,0.965,mm,OK,--,,,
342,44.6,gf,0.970,mm,OK,--,,,
343,44.5,gf,0.970,mm,OK,--,,,
344,44.5,gf,0.975,mm,OK,--,,,
345,44.4,gf,0.980,mm,OK,--,,,
346,44.3,gf,0.980,mm,OK,--,,,
347,44.3,gf,0.985,mm,OK,--,,,
348,44.2,gf,0.985,mm,OK,--,,,
349,44.2,gf,0.990,mm,OK,--,,,
350,44.1,gf,0.995,mm,OK,--,,,
351,44.1,gf,0.995,mm,OK,--,,,
352,44.0,gf,1.000,mm,OK,--,,,
353,44.0,gf,1.000,mm,OK,--,,,
354,43.9,gf,1.005,mm,OK,--,,,
355,43.9,gf,1.010,mm,OK,--,,,
356,43.8,gf,1.010,mm,OK,--,,,
357,43.7,gf,1.015,mm,OK,--,,,
358,43.7,gf,1.015,mm,OK,--,,,
359,43.6,gf,1.020,mm,OK,--,,,
360,43.6,gf,1.025,mm,OK,--,,,
361,43.5,gf,1.025,mm,OK,--,,,
362,43.5,gf,1.030,mm,OK,--,,,
363,43.4,gf,1.030,mm,OK,--,,,
364,43.4,gf,1.035,mm,OK,--,,,
365,43.3,gf,1.040,mm,OK,--,,,
366,43.3,gf,1.040,mm,OK,--,,,
367,43.2,gf,1.045,mm,OK,--,,,
368,43.2,gf,1.045,mm,OK,--,,,
369,43.1,gf,1.050,mm,OK,--,,,
370,43.1,gf,1.055,mm,OK,--,,,
371,43.0,gf,1.055,mm,OK,--,,,
372,43.0,gf,1.060,mm,OK,--,,,
373,42.9,gf,1.060,mm,OK,--,,,
374,42.9,gf,1.065,mm,OK,--,,,
375,42.8,gf,1.070,mm,OK,--,,,
376,42.8,gf,1.070,mm,OK,--,,,
377,42.7,gf,1.075,mm,OK,--,,,
378,42.7,gf,1.075,mm,OK,--,,,
379,42.6,gf,1.080,mm,OK,--,,,
380,42.6,gf,1.085,mm,OK,--,,,
381,42.5,gf,1.085,mm,OK,--,,,
382,42.4,gf,1.090,mm,OK,--,,,
383,42.4,gf,1.090,mm,OK,--,,,
384,42.3,gf,1.095,mm,OK,--,,,
385,42.3,gf,1.100,mm,OK,--,,,
386,42.2,gf,1.100,mm,OK,--,,,
387,42.2,gf,1.105,mm,OK,--,,,
388,42.1,gf,1.105,mm,OK,--,,,
389,42.1,gf,1.110,mm,OK,--,,,
390,42.1,gf,1.115,mm,OK,--,,,
391,42.0,gf,1.115,mm,OK,--,,,
392,42.0,gf,1.120,mm,OK,--,,,
393,41.9,gf,1.120,mm,OK,--,,,
394,41.9,gf,1.125,mm,OK,--,,,
395,41.8,gf,1.130,mm,OK,--,,,
396,41.8,gf,1.130,mm,OK,--,,,
397,41.7,gf,1.135,mm,OK,--,,,
398,41.7,gf,1.135,mm,OK,--,,,
399,41.6,gf,1.140,mm,OK,--,,,
400,41.6,gf,1.145,mm,OK,--,,,
401,41.5,gf,1.145,mm,OK,--,,,
402,41.5,gf,1.150,mm,OK,--,,,
403,41.4,gf,1.150,mm,OK,--,,,
404,41.4,gf,1.155,mm,OK,--,,,
405,41.3,gf,1.160,mm,OK,--,,,
406,41.3,gf,1.160,mm,OK,--,,,
407,41.2,gf,1.165,mm,OK,--,,,
408,41.2,gf,1.165,mm,OK,--,,,
409,41.1,gf,1.170,mm,OK,--,,,
410,41.1,gf,1.175,mm,OK,--,,,
411,41.0,gf,1.175,mm,OK,--,,,
412,41.0,gf,1.180,mm,OK,--,,,
413,40.9,gf,1.180,mm,OK,--,,,
414,40.9,gf,1.185,mm,OK,--,,,
415,40.8,gf,1.190,mm,OK,--,,,
416,40.8,gf,1.190,mm,OK,--,,,
417,40.7,gf,1.195,mm,OK,--,,,
418,40.7,gf,1.195,mm,OK,--,,,
419,40.6,gf,1.200,mm,OK,--,,,
420,40.6,gf,1.205,mm,OK,--,,,
421,40.5,gf,1.205,mm,OK,--,,,
422,40.5,gf,1.210,mm,OK,--,,,
423,40.4,gf,1.210,mm,OK,--,,,
424,40.4,gf,1.215,mm,OK,--,,,
425,40.3,gf,1.220,mm,OK,--,,,
426,40.3,gf,1.220,mm,OK,--,,,
427,40.2,gf,1.225,mm,OK,--,,,
428,40.2,gf,1.225,mm,OK,--,,,
429,40.1,gf,1.230,mm,OK,--,,,
430,40.1,gf,1.235,mm,OK,--,,,
431,40.1,gf,1.235,mm,OK,--,,,
432,40.0,gf,1.240,mm,OK,--,,,
433,40.0,gf,1.240,mm,OK,--,,,
434,39.9,gf,1.245,mm,OK,--,,,
435,39.9,gf,1.250,mm,OK,--,,,
436,39.8,gf,1.250,mm,OK,--,,,
437,39.8,gf,1.255,mm,OK,--,,,
438,39.7,gf,1.255,mm,OK,--,,,
439,39.7,gf,1.260,mm,OK,--,,,
440,39.6,gf,1.265,mm,OK,--,,,
441,39.6,gf,1.265,mm,OK,--,,,
442,39.5,gf,1.270,mm,OK,--,,,
443,39.5,gf,1.270,mm,OK,--,,,
444,39.4,gf,1.275,mm,OK,--,,,
445,39.4,gf,1.280,mm,OK,--,,,
446,39.3,gf,1.280,mm,OK,--,,,
447,39.3,gf,1.285,mm,OK,--,,,
448,39.2,gf,1.285,mm,OK,--,,,
449,39.2,gf,1.290,mm,OK,--,,,
450,39.1,gf,1.295,mm,OK,--,,,
451,39.1,gf,1.295,mm,OK,--,,,
452,39.0,gf,1.300,mm,OK,--,,,
453,39.0,gf,1.300,mm,OK,--,,,
454,38.9,gf,1.305,mm,OK,--,,,
455,38.9,gf,1.310,mm,OK,--,,,
456,38.8,gf,1.310,mm,OK,--,,,
457,38.8,gf,1.315,mm,OK,--,,,
458,38.7,gf,1.315,mm,OK,--,,,
459,38.7,gf,1.320,mm,OK,--,,,
460,38.6,gf,1.325,mm,OK,--,,,
461,38.5,gf,1.325,mm,OK,--,,,
462,38.5,gf,1.330,mm,OK,--,,,
463,38.4,gf,1.330,mm,OK,--,,,
464,38.4,gf,1.335,mm,OK,--,,,
465,38.3,gf,1.340,mm,OK,--,,,
466,38.3,gf,1.340,mm,OK,--,,,
467,38.2,gf,1.345,mm,OK,--,,,
468,38.2,gf,1.345,mm,OK,--,,,
469,38.1,gf,1.350,mm,OK,--,,,
470,38.0,gf,1.355,mm,OK,--,,,
471,38.0,gf,1.355,mm,OK,--,,,
472,37.9,gf,1.360,mm,OK,--,,,
473,37.9,gf,1.360,mm,OK,--,,,
474,37.8,gf,1.365,mm,OK,--,,,
475,37.8,gf,1.370,mm,OK,--,,,
476,37.7,gf,1.370,mm,OK,--,,,
477,37.6,gf,1.375,mm,OK,--,,,
478,37.6,gf,1.375,mm,OK,--,,,
479,37.5,gf,1.380,mm,OK,--,,,
480,37.5,gf,1.385,mm,OK,--,,,
481,37.4,gf,1.385,mm,OK,--,,,
482,37.3,gf,1.390,mm,OK,--,,,
483,37.3,gf,1.390,mm,OK,--,,,
484,37.2,gf,1.395,mm,OK,--,,,
485,37.2,gf,1.400,mm,OK,--,,,
486,37.1,gf,1.400,mm,OK,--,,,
487,37.0,gf,1.405,mm,OK,--,,,
488,37.0,gf,1.405,mm,OK,--,,,
489,36.9,gf,1.410,mm,OK,--,,,
490,36.9,gf,1.415,mm,OK,--,,,
491,36.8,gf,1.415,mm,OK,--,,,
492,36.8,gf,1.420,mm,OK,--,,,
493,36.7,gf,1.420,mm,OK,--,,,
494,36.6,gf,1.425,mm,OK,--,,,
495,36.6,gf,1.430,mm,OK,--,,,
496,36.5,gf,1.430,mm,OK,--,,,
497,36.5,gf,1.435,mm,OK,--,,,
498,36.4,gf,1.435,mm,OK,--,,,
499,36.3,gf,1.440,mm,OK,--,,,
500,36.3,gf,1.445,mm,OK,--,,,
501,36.2,gf,1.445,mm,OK,--,,,
502,36.2,gf,1.450,mm,OK,--,,,
503,36.1,gf,1.450,mm,OK,--,,,
504,36.1,gf,1.455,mm,OK,--,,,
505,36.0,gf,1.460,mm,OK,--,,,
506,35.9,gf,1.460,mm,OK,--,,,
507,35.9,gf,1.465,mm,OK,--,,,
508,35.8,gf,1.465,mm,OK,--,,,
509,35.8,gf,1.470,mm,OK,--,,,
510,35.7,gf,1.475,mm,OK,--,,,
511,35.7,gf,1.475,mm,OK,--,,,
512,35.6,gf,1.480,mm,OK,--,,,
513,35.6,gf,1.480,mm,OK,--,,,
514,35.5,gf,1.485,mm,OK,--,,,
515,35.5,gf,1.490,mm,OK,--,,,
516,35.4,gf,1.490,mm,OK,--,,,
517,35.4,gf,1.495,mm,OK,--,,,
518,35.3,gf,1.495,mm,OK,--,,,
519,35.3,gf,1.500,mm,OK,--,,,
520,35.2,gf,1.505,mm,OK,--,,,
521,35.2,gf,1.505,mm,OK,--,,,
522,35.1,gf,1.510,mm,OK,--,,,
523,35.1,gf,1.510,mm,OK,--,,,
524,35.0,gf,1.515,mm,OK,--,,,
525,35.0,gf,1.520,mm,OK,--,,,
526,34.9,gf,1.520,mm,OK,--,,,
527,34.9,gf,1.525,mm,OK,--,,,
528,34.8,gf,1.525,mm,OK,--,,,
529,34.8,gf,1.530,mm,OK,--,,,
530,34.7,gf,1.535,mm,OK,--,,,
531,34.7,gf,1.535,mm,OK,--,,,
532,34.7,gf,1.540,mm,OK,--,,,
533,34.6,gf,1.540,mm,OK,--,,,
534,34.6,gf,1.545,mm,OK,--,,,
535,34.5,gf,1.550,mm,OK,--,,,
536,34.5,gf,1.550,mm,OK,--,,,
537,34.5,gf,1.555,mm,OK,--,,,
538,34.4,gf,1.555,mm,OK,--,,,
539,34.4,gf,1.560,mm,OK,--,,,
540,34.4,gf,1.565,mm,OK,--,,,
541,34.3,gf,1.565,mm,OK,--,,,
542,34.3,gf,1.570,mm,OK,--,,,
543,34.3,gf,1.570,mm,OK,--,,,
544,34.2,gf,1.575,mm,OK,--,,,
545,34.2,gf,1.580,mm,OK,--,,,
546,34.2,gf,1.580,mm,OK,--,,,
547,34.1,gf,1.585,mm,OK,--,,,
548,34.1,gf,1.585,mm,OK,--,,,
549,34.1,gf,1.590,mm,OK,--,,,
550,34.1,gf,1.595,mm,OK,--,,,
551,34.0,gf,1.595,mm,OK,--,,,
552,34.0,gf,1.600,mm,OK,--,,,
553,34.0,gf,1.600,mm,OK,--,,,
554,34.0,gf,1.605,mm,OK,--,,,
555,33.9,gf,1.610,mm,OK,--,,,
556,33.9,gf,1.610,mm,OK,--,,,
557,33.9,gf,1.615,mm,OK,--,,,
558,33.9,gf,1.615,mm,OK,--,,,
559,33.9,gf,1.620,mm,OK,--,,,
560,33.8,gf,1.625,mm,OK,--,,,
561,33.8,gf,1.625,mm,OK,--,,,
562,33.8,gf,1.630,mm,OK,--,,,
563,33.8,gf,1.630,mm,OK,--,,,
564,33.7,gf,1.635,mm,OK,--,,,
565,33.7,gf,1.640,mm,OK,--,,,
566,33.7,gf,1.640,mm,OK,--,,,
567,33.7,gf,1.645,mm,OK,--,,,
568,33.7,gf,1.645,mm,OK,--,,,
569,33.6,gf,1.650,mm,OK,--,,,
570,33.6,gf,1.655,mm,OK,--,,,
571,33.6,gf,1.655,mm,OK,--,,,
572,33.6,gf,1.660,mm,OK,--,,,
573,33.6,gf,1.660,mm,OK,--,,,
574,33.5,gf,1.665,mm,OK,--,,,
575,33.5,gf,1.670,mm,OK,--,,,
576,33.5,gf,1.670,mm,OK,--,,,
577,33.5,gf,1.675,mm,OK,--,,,
578,33.5,gf,1.675,mm,OK,--,,,
579,33.4,gf,1.680,mm,OK,--,,,
580,33.4,gf,1.685,mm,OK,--,,,
581,33.4,gf,1.685,mm,OK,--,,,
582,33.4,gf,1.690,mm,OK,--,,,
583,33.4,gf,1.690,mm,OK,--,,,
584,33.3,gf,1.695,mm,OK,--,,,
585,33.3,gf,1.700,mm,OK,--,,,
586,33.3,gf,1.700,mm,OK,--,,,
587,33.3,gf,1.705,mm,OK,--,,,
588,33.3,gf,1.705,mm,OK,--,,,
589,33.3,gf,1.710,mm,OK,--,,,
590,33.2,gf,1.715,mm,OK,--,,,
591,33.2,gf,1.715,mm,OK,--,,,
592,33.2,gf,1.720,mm,OK,--,,,
593,33.2,gf,1.720,mm,OK,--,,,
594,33.2,gf,1.725,mm,OK,--,,,
595,33.2,gf,1.730,mm,OK,--,,,
596,33.2,gf,1.730,mm,OK,--,,,
597,33.1,gf,1.735,mm,OK,--,,,
598,33.1,gf,1.735,mm,OK,--,,,
599,33.1,gf,1.740,mm,OK,--,,,
600,33.1,gf,1.745,mm,OK,--,,,
601,33.1,gf,1.745,mm,OK,--,,,
602,33.1,gf,1.750,mm,OK,--,,,
603,33.1,gf,1.750,mm,OK,--,,,
604,33.1,gf,1.755,mm,OK,--,,,
605,33.1,gf,1.760,mm,OK,--,,,
606,33.1,gf,1.760,mm,OK,--,,,
607,33.0,gf,1.765,mm,OK,--,,,
608,33.0,gf,1.765,mm,OK,--,,,
609,33.0,gf,1.770,mm,OK,--,,,
610,33.0,gf,1.775,mm,OK,--,,,
611,33.0,gf,1.775,mm,OK,--,,,
612,33.0,gf,1.780,mm,OK,--,,,
613,33.0,gf,1.780,mm,OK,--,,,
614,33.0,gf,1.785,mm,OK,--,,,
615,33.0,gf,1.790,mm,OK,--,,,
616,33.0,gf,1.790,mm,OK,--,,,
617,33.0,gf,1.795,mm,OK,--,,,
618,33.0,gf,1.795,mm,OK,--,,,
619,33.0,gf,1.800,mm,OK,--,,,
620,33.0,gf,1.805,mm,OK,--,,,
621,33.0,gf,1.805,mm,OK,--,,,
622,33.0,gf,1.810,mm,OK,--,,,
623,33.1,gf,1.810,mm,OK,--,,,
624,33.1,gf,1.815,mm,OK,--,,,
625,33.2,gf,1.820,mm,OK,--,,,
626,33.2,gf,1.820,mm,OK,--,,,
627,33.3,gf,1.825,mm,OK,--,,,
628,33.4,gf,1.825,mm,OK,--,,,
629,33.4,gf,1.830,mm,OK,--,,,
630,33.5,gf,1.835,mm,OK,--,,,
631,33.6,gf,1.835,mm,OK,--,,,
632,33.7,gf,1.840,mm,OK,--,,,
633,33.8,gf,1.840,mm,OK,--,,,
634,33.9,gf,1.845,mm,OK,--,,,
635,34.0,gf,1.850,mm,OK,--,,,
636,34.1,gf,1.850,mm,OK,--,,,
637,34.2,gf,1.855,mm,OK,--,,,
638,34.3,gf,1.855,mm,OK,--,,,
639,34.5,gf,1.860,mm,OK,--,,,
640,34.6,gf,1.865,mm,OK,--,,,
641,34.7,gf,1.865,mm,OK,--,,,
642,34.8,gf,1.870,mm,OK,--,,,
643,34.9,gf,1.870,mm,OK,--,,,
644,35.0,gf,1.875,mm,OK,--,,,
645,35.2,gf,1.880,mm,OK,--,,,
646,35.3,gf,1.880,mm,OK,--,,,
647,35.4,gf,1.885,mm,OK,--,,,
648,35.5,gf,1.885,mm,OK,--,,,
649,35.6,gf,1.890,mm,OK,--,,,
650,35.8,gf,1.895,mm,OK,--,,,
651,35.9,gf,1.895,mm,OK,--,,,
652,36.0,gf,1.900,mm,OK,--,,,
653,36.1,gf,1.900,mm,OK,--,,,
654,36.2,gf,1.905,mm,OK,--,,,
655,36.3,gf,1.910,mm,OK,--,,,
656,36.4,gf,1.910,mm,OK,--,,,
657,36.5,gf,1.915,mm,OK,--,,,
658,36.6,gf,1.915,mm,OK,--,,,
659,36.7,gf,1.920,mm,OK,--,,,
660,36.9,gf,1.925,mm,OK,--,,,
661,37.0,gf,1.925,mm,OK,--,,,
662,37.1,gf,1.930,mm,OK,--,,,
663,37.2,gf,1.930,mm,OK,--,,,
664,37.3,gf,1.935,mm,OK,--,,,
665,37.5,gf,1.940,mm,OK,--,,,
666,37.6,gf,1.940,mm,OK,--,,,
667,37.7,gf,1.945,mm,OK,--,,,
668,37.8,gf,1.945,mm,OK,--,,,
669,38.0,gf,1.950,mm,OK,--,,,
670,38.1,gf,1.955,mm,OK,--,,,
671,38.2,gf,1.955,mm,OK,--,,,
672,38.3,gf,1.960,mm,OK,--,,,
673,38.5,gf,1.960,mm,OK,--,,,
674,38.6,gf,1.965,mm,OK,--,,,
675,38.7,gf,1.970,mm,OK,--,,,
676,38.8,gf,1.970,mm,OK,--,,,
677,39.0,gf,1.975,mm,OK,--,,,
678,39.1,gf,1.975,mm,OK,--,,,
679,39.2,gf,1.980,mm,OK,--,,,
680,39.3,gf,1.985,mm,OK,--,,,
681,39.5,gf,1.985,mm,OK,--,,,
682,39.6,gf,1.990,mm,OK,--,,,
683,39.7,gf,1.990,mm,OK,--,,,
684,39.8,gf,1.995,mm,OK,--,,,
685,39.9,gf,2.000,mm,OK,--,,,
686,40.0,gf,2.000,mm,OK,--,,,
687,40.2,gf,2.005,mm,OK,--,,,
688,40.3,gf,2.005,mm,OK,--,,,
689,40.4,gf,2.010,mm,OK,--,,,
690,40.5,gf,2.015,mm,OK,--,,,
691,40.6,gf,2.015,mm,OK,--,,,
692,40.7,gf,2.020,mm,OK,--,,,
693,40.8,gf,2.020,mm,OK,--,,,
694,40.9,gf,2.025,mm,OK,--,,,
695,41.0,gf,2.030,mm,OK,--,,,
696,41.2,gf,2.030,mm,OK,--,,,
697,41.3,gf,2.035,mm,OK,--,,,
698,41.4,gf,2.035,mm,OK,--,,,
699,41.5,gf,2.040,mm,OK,--,,,
700,41.6,gf,2.045,mm,OK,--,,,
701,41.7,gf,2.045,mm,OK,--,,,
702,41.8,gf,2.050,mm,OK,--,,,
703,41.9,gf,2.050,mm,OK,--,,,
704,42.0,gf,2.055,mm,OK,--,,,
705,42.1,gf,2.060,mm,OK,--,,,
706,42.2,gf,2.060,mm,OK,--,,,
707,42.4,gf,2.065,mm,OK,--,,,
708,42.5,gf,2.065,mm,OK,--,,,
709,42.6,gf,2.070,mm,OK,--,,,
710,42.7,gf,2.075,mm,OK,--,,,
711,42.8,gf,2.075,mm,OK,--,,,
712,42.9,gf,2.080,mm,OK,--,,,
713,43.0,gf,2.080,mm,OK,--,,,
714,43.1,gf,2.085,mm,OK,--,,,
715,43.2,gf,2.090,mm,OK,--,,,
716,43.3,gf,2.090,mm,OK,--,,,
717,43.4,gf,2.095,mm,OK,--,,,
718,43.5,gf,2.095,mm,OK,--,,,
719,43.6,gf,2.100,mm,OK,--,,,
720,43.7,gf,2.105,mm,OK,--,,,
721,43.8,gf,2.105,mm,OK,--,,,
722,43.9,gf,2.110,mm,OK,--,,,
723,44.1,gf,2.110,mm,OK,--,,,
724,44.2,gf,2.115,mm,OK,--,,,
725,44.3,gf,2.120,mm,OK,--,,,
726,44.4,gf,2.120,mm,OK,--,,,
727,44.5,gf,2.125,mm,OK,--,,,
728,44.6,gf,2.125,mm,OK,--,,,
729,44.7,gf,2.130,mm,OK,--,,,
730,44.8,gf,2.135,mm,OK,--,,,
731,44.9,gf,2.135,mm,OK,--,,,
732,45.0,gf,2.140,mm,OK,--,,,
733,45.1,gf,2.140,mm,OK,--,,,
734,45.2,gf,2.145,mm,OK,--,,,
735,45.3,gf,2.150,mm,OK,--,,,
736,45.4,gf,2.150,mm,OK,--,,,
737,45.5,gf,2.155,mm,OK,--,,,
738,45.6,gf,2.155,mm,OK,--,,,
739,45.7,gf,2.160,mm,OK,--,,,
740,45.8,gf,2.165,mm,OK,--,,,
741,45.9,gf,2.165,mm,OK,--,,,
742,46.0,gf,2.170,mm,OK,--,,,
743,46.1,gf,2.170,mm,OK,--,,,
744,46.2,gf,2.175,mm,OK,--,,,
745,46.3,gf,2.180,mm,OK,--,,,
746,46.4,gf,2.180,mm,OK,--,,,
747,46.5,gf,2.185,mm,OK,--,,,
748,46.6,gf,2.185,mm,OK,--,,,
749,46.7,gf,2.190,mm,OK,--,,,
750,46.8,gf,2.195,mm,OK,--,,,
751,46.9,gf,2.195,mm,OK,--,,,
752,47.0,gf,2.200,mm,OK,--,,,
753,47.1,gf,2.200,mm,OK,--,,,
754,47.2,gf,2.205,mm,OK,--,,,
755,47.3,gf,2.210,mm,OK,--,,,
756,47.4,gf,2.210,mm,OK,--,,,
757,47.5,gf,2.215,mm,OK,--,,,
758,47.6,gf,2.215,mm,OK,--,,,
759,47.7,gf,2.220,mm,OK,--,,,
760,47.8,gf,2.225,mm,OK,--,,,
761,47.9,gf,2.225,mm,OK,--,,,
762,48.0,gf,2.230,mm,OK,--,,,
763,48.1,gf,2.230,mm,OK,--,,,
764,48.2,gf,2.235,mm,OK,--,,,
765,48.3,gf,2.240,mm,OK,--,,,
766,48.4,gf,2.240,mm,OK,--,,,
767,48.5,gf,2.245,mm,OK,--,,,
768,48.6,gf,2.245,mm,OK,--,,,
769,48.7,gf,2.250,mm,OK,--,,,
770,48.8,gf,2.255,mm,OK,--,,,
771,48.9,gf,2.255,mm,OK,--,,,
772,49.0,gf,2.260,mm,OK,--,,,
773,49.1,gf,2.260,mm,OK,--,,,
774,49.2,gf,2.265,mm,OK,--,,,
775,49.3,gf,2.270,mm,OK,--,,,
776,49.4,gf,2.270,mm,OK,--,,,
777,49.5,gf,2.275,mm,OK,--,,,
778,49.7,gf,2.275,mm,OK,--,,,
779,49.8,gf,2.280,mm,OK,--,,,
780,49.9,gf,2.285,mm,OK,--,,,
781,50.0,gf,2.285,mm,OK,--,,,
782,50.1,gf,2.290,mm,OK,--,,,
783,50.2,gf,2.290,mm,OK,--,,,
784,50.3,gf,2.295,mm,OK,--,,,
785,50.4,gf,2.300,mm,OK,--,,,
786,50.5,gf,2.300,mm,OK,--,,,
787,50.6,gf,2.305,mm,OK,--,,,
788,50.7,gf,2.305,mm,OK,--,,,
789,50.8,gf,2.310,mm,OK,--,,,
790,50.9,gf,2.315,mm,OK,--,,,
791,51.0,gf,2.315,mm,OK,--,,,
792,51.0,gf,2.320,mm,OK,--,,,
793,51.1,gf,2.320,mm,OK,--,,,
794,51.2,gf,2.325,mm,OK,--,,,
795,51.3,gf,2.330,mm,OK,--,,,
796,51.4,gf,2.330,mm,OK,--,,,
797,51.5,gf,2.335,mm,OK,--,,,
798,51.6,gf,2.335,mm,OK,--,,,
799,51.7,gf,2.340,mm,OK,--,,,
800,51.8,gf,2.345,mm,OK,--,,,
801,51.8,gf,2.345,mm,OK,--,,,
802,51.9,gf,2.350,mm,OK,--,,,
803,52.0,gf,2.350,mm,OK,--,,,
804,52.1,gf,2.355,mm,OK,--,,,
805,52.1,gf,2.360,mm,OK,--,,,
806,52.2,gf,2.360,mm,OK,--,,,
807,52.3,gf,2.365,mm,OK,--,,,
808,52.4,gf,2.365,mm,OK,--,,,
809,52.4,gf,2.370,mm,OK,--,,,
810,52.5,gf,2.375,mm,OK,--,,,
811,52.6,gf,2.375,mm,OK,--,,,
812,52.6,gf,2.380,mm,OK,--,,,
813,52.7,gf,2.380,mm,OK,--,,,
814,52.7,gf,2.385,mm,OK,--,,,
815,52.8,gf,2.390,mm,OK,--,,,
816,52.9,gf,2.390,mm,OK,--,,,
817,52.9,gf,2.395,mm,OK,--,,,
818,53.0,gf,2.395,mm,OK,--,,,
819,53.0,gf,2.400,mm,OK,--,,,
820,53.0,gf,2.405,mm,OK,--,,,
821,53.1,gf,2.405,mm,OK,--,,,
822,53.1,gf,2.410,mm,OK,--,,,
823,53.2,gf,2.410,mm,OK,--,,,
824,53.2,gf,2.415,mm,OK,--,,,
825,53.3,gf,2.420,mm,OK,--,,,
826,53.3,gf,2.420,mm,OK,--,,,
827,53.4,gf,2.425,mm,OK,--,,,
828,53.4,gf,2.425,mm,OK,--,,,
829,53.4,gf,2.430,mm,OK,--,,,
830,53.5,gf,2.435,mm,OK,--,,,
831,53.5,gf,2.435,mm,OK,--,,,
832,53.6,gf,2.440,mm,OK,--,,,
833,53.6,gf,2.440,mm,OK,--,,,
834,53.7,gf,2.445,mm,OK,--,,,
835,53.7,gf,2.450,mm,OK,--,,,
836,53.7,gf,2.450,mm,OK,--,,,
837,53.8,gf,2.455,mm,OK,--,,,
838,53.8,gf,2.455,mm,OK,--,,,
839,53.9,gf,2.460,mm,OK,--,,,
840,53.9,gf,2.465,mm,OK,--,,,
841,54.0,gf,2.465,mm,OK,--,,,
842,54.0,gf,2.470,mm,OK,--,,,
843,54.0,gf,2.470,mm,OK,--,,,
844,54.1,gf,2.475,mm,OK,--,,,
845,54.1,gf,2.480,mm,OK,--,,,
846,54.1,gf,2.480,mm,OK,--,,,
847,54.2,gf,2.485,mm,OK,--,,,
848,54.2,gf,2.485,mm,OK,--,,,
849,54.3,gf,2.490,mm,OK,--,,,
850,54.3,gf,2.495,mm,OK,--,,,
851,54.3,gf,2.495,mm,OK,--,,,
852,54.4,gf,2.500,mm,OK,--,,,
853,54.4,gf,2.500,mm,OK,--,,,
854,54.4,gf,2.505,mm,OK,--,,,
855,54.5,gf,2.510,mm,OK,--,,,
856,54.5,gf,2.510,mm,OK,--,,,
857,54.5,gf,2.515,mm,OK,--,,,
858,54.6,gf,2.515,mm,OK,--,,,
859,54.6,gf,2.520,mm,OK,--,,,
860,54.6,gf,2.525,mm,OK,--,,,
861,54.6,gf,2.525,mm,OK,--,,,
862,54.7,gf,2.530,mm,OK,--,,,
863,54.7,gf,2.530,mm,OK,--,,,
864,54.7,gf,2.535,mm,OK,--,,,
865,54.7,gf,2.540,mm,OK,--,,,
866,54.8,gf,2.540,mm,OK,--,,,
867,54.8,gf,2.545,mm,OK,--,,,
868,54.8,gf,2.545,mm,OK,--,,,
869,54.8,gf,2.550,mm,OK,--,,,
870,54.8,gf,2.555,mm,OK,--,,,
871,54.9,gf,2.555,mm,OK,--,,,
872,54.9,gf,2.560,mm,OK,--,,,
873,54.9,gf,2.560,mm,OK,--,,,
874,54.9,gf,2.565,mm,OK,--,,,
875,54.9,gf,2.570,mm,OK,--,,,
876,54.9,gf,2.570,mm,OK,--,,,
877,55.0,gf,2.575,mm,OK,--,,,
878,55.0,gf,2.575,mm,OK,--,,,
879,55.0,gf,2.580,mm,OK,--,,,
880,55.0,gf,2.585,mm,OK,--,,,
881,55.0,gf,2.585,mm,OK,--,,,
882,55.0,gf,2.590,mm,OK,--,,,
883,55.0,gf,2.590,mm,OK,--,,,
884,55.0,gf,2.595,mm,OK,--,,,
885,55.0,gf,2.600,mm,OK,--,,,
886,55.0,gf,2.600,mm,OK,--,,,
887,55.0,gf,2.605,mm,OK,--,,,
888,55.0,gf,2.605,mm,OK,--,,,
889,55.0,gf,2.610,mm,OK,--,,,
890,55.0,gf,2.615,mm,OK,--,,,
891,55.0,gf,2.615,mm,OK,--,,,
892,55.0,gf,2.620,mm,OK,--,,,
893,55.0,gf,2.620,mm,OK,--,,,
894,55.0,gf,2.625,mm,OK,--,,,
895,55.0,gf,2.630,mm,OK,--,,,
896,55.0,gf,2.630,mm,OK,--,,,
897,55.0,gf,2.635,mm,OK,--,,,
898,55.0,gf,2.635,mm,OK,--,,,
899,55.0,gf,2.640,mm,OK,--,,,
900,55.0,gf,2.645,mm,OK,--,,,
901,55.0,gf,2.645,mm,OK,--,,,
902,55.0,gf,2.650,mm,OK,--,,,
903,55.0,gf,2.650,mm,OK,--,,,
904,55.0,gf,2.655,mm,OK,--,,,
905,55.0,gf,2.660,mm,OK,--,,,
906,55.0,gf,2.660,mm,OK,--,,,
907,55.0,gf,2.665,mm,OK,--,,,
908,55.0,gf,2.665,mm,OK,--,,,
909,55.0,gf,2.670,mm,OK,--,,,
910,55.0,gf,2.675,mm,OK,--,,,
911,55.0,gf,2.675,mm,OK,--,,,
912,55.0,gf,2.680,mm,OK,--,,,
913,55.0,gf,2.680,mm,OK,--,,,
914,55.0,gf,2.685,mm,OK,--,,,
915,55.0,gf,2.690,mm,OK,--,,,
916,55.0,gf,2.690,mm,OK,--,,,
917,55.0,gf,2.695,mm,OK,--,,,
918,55.0,gf,2.695,mm,OK,--,,,
919,55.0,gf,2.700,mm,OK,--,,,
920,55.0,gf,2.705,mm,OK,--,,,
921,55.0,gf,2.705,mm,OK,--,,,
922,55.0,gf,2.710,mm,OK,--,,,
923,55.0,gf,2.710,mm,OK,--,,,
924,55.0,gf,2.715,mm,OK,--,,,
925,55.0,gf,2.720,mm,OK,--,,,
926,55.0,gf,2.720,mm,OK,--,,,
927,55.0,gf,2.725,mm,OK,--,,,
928,55.0,gf,2.725,mm,OK,--,,,
929,55.0,gf,2.730,mm,OK,--,,,
930,55.0,gf,2.735,mm,OK,--,,,
931,55.0,gf,2.735,mm,OK,--,,,
932,55.0,gf,2.740,mm,OK,--,,,
933,55.0,gf,2.740,mm,OK,--,,,
934,55.0,gf,2.745,mm,OK,--,,,
935,55.0,gf,2.750,mm,OK,--,,,
936,55.0,gf,2.750,mm,OK,--,,,
937,55.0,gf,2.755,mm,OK,--,,,
938,55.0,gf,2.755,mm,OK,--,,,
939,55.0,gf,2.760,mm,OK,--,,,
940,55.0,gf,2.765,mm,OK,--,,,
941,55.0,gf,2.765,mm,OK,--,,,
942,55.0,gf,2.770,mm,OK,--,,,
943,55.0,gf,2.770,mm,OK,--,,,
944,55.0,gf,2.775,mm,OK,--,,,
945,55.0,gf,2.780,mm,OK,--,,,
946,55.0,gf,2.780,mm,OK,--,,,
947,55.0,gf,2.785,mm,OK,--,,,
948,55.0,gf,2.785,mm,OK,--,,,
949,55.0,gf,2.790,mm,OK,--,,,
950,55.0,gf,2.795,mm,OK,--,,,
951,55.0,gf,2.795,mm,OK,--,,,
952,55.0,gf,2.800,mm,OK,--,,,
953,55.0,gf,2.800,mm,OK,--,,,
954,55.0,gf,2.805,mm,OK,--,,,
955,55.0,gf,2.810,mm,OK,--,,,
956,55.0,gf,2.810,mm,OK,--,,,
957,55.0,gf,2.815,mm,OK,--,,,
958,55.0,gf,2.815,mm,OK,--,,,
959,55.0,gf,2.820,mm,OK,--,,,
960,55.0,gf,2.825,mm,OK,--,,,
961,55.0,gf,2.825,mm,OK,--,,,
962,55.0,gf,2.830,mm,OK,--,,,
963,55.0,gf,2.830,mm,OK,--,,,
964,55.0,gf,2.835,mm,OK,--,,,
965,55.0,gf,2.840,mm,OK,--,,,
966,55.0,gf,2.840,mm,OK,--,,,
967,55.0,gf,2.845,mm,OK,--,,,
968,55.0,gf,2.845,mm,OK,--,,,
969,55.0,gf,2.850,mm,OK,--,,,
970,55.0,gf,2.855,mm,OK,--,,,
971,55.0,gf,2.855,mm,OK,--,,,
972,55.0,gf,2.860,mm,OK,--,,,
973,55.0,gf,2.860,mm,OK,--,,,
974,55.0,gf,2.865,mm,OK,--,,,
975,55.0,gf,2.870,mm,OK,--,,,
976,55.0,gf,2.870,mm,OK,--,,,
977,55.0,gf,2.875,mm,OK,--,,,
978,55.0,gf,2.875,mm,OK,--,,,
979,55.0,gf,2.880,mm,OK,--,,,
980,55.0,gf,2.885,mm,OK,--,,,
981,55.0,gf,2.885,mm,OK,--,,,
982,55.0,gf,2.890,mm,OK,--,,,
983,55.0,gf,2.890,mm,OK,--,,,
984,55.0,gf,2.895,mm,OK,--,,,
985,55.0,gf,2.900,mm,OK,--,,,
986,55.0,gf,2.900,mm,OK,--,,,
987,55.0,gf,2.905,mm,OK,--,,,
988,55.0,gf,2.905,mm,OK,--,,,
989,55.0,gf,2.910,mm,OK,--,,,
990,55.0,gf,2.915,mm,OK,--,,,
991,55.0,gf,2.915,mm,OK,--,,,
992,55.0,gf,2.920,mm,OK,--,,,
993,55.0,gf,2.920,mm,OK,--,,,
994,55.0,gf,2.925,mm,OK,--,,,
995,55.0,gf,2.930,mm,OK,--,,,
996,55.0,gf,2.930,mm,OK,--,,,
997,55.0,gf,2.935,mm,OK,--,,,
998,55.0,gf,2.935,mm,OK,--,,,
999,55.0,gf,2.940,mm,OK,--,,,
1000,55.0,gf,2.945,mm,OK,--,,,
1001,55.0,gf,2.945,mm,OK,--,,,
1002,55.0,gf,2.950,mm,OK,--,,,
1003,55.0,gf,2.950,mm,OK,--,,,
1004,55.0,gf,2.955,mm,OK,--,,,
1005,55.0,gf,2.960,mm,OK,--,,,
1006,55.0,gf,2.960,mm,OK,--,,,
1007,55.0,gf,2.965,mm,OK,--,,,
1008,55.0,gf,2.965,mm,OK,--,,,
1009,55.0,gf,2.970,mm,OK,--,,,
1010,55.0,gf,2.975,mm,OK,--,,,
1011,55.0,gf,2.975,mm,OK,--,,,
1012,55.0,gf,2.980,mm,OK,--,,,
1013,55.0,gf,2.980,mm,OK,--,,,
1014,55.0,gf,2.985,mm,OK,--,,,
1015,55.0,gf,2.990,mm,OK,--,,,
1016,55.0,gf,2.990,mm,OK,--,,,
1017,55.0,gf,2.995,mm,OK,--,,,
1018,55.0,gf,2.995,mm,OK,--,,,
1019,55.0,gf,3.000,mm,OK,--,,,
1020,55.0,gf,3.005,mm,OK,--,,,
1021,55.0,gf,3.005,mm,OK,--,,,
1022,55.0,gf,3.010,mm,OK,--,,,
1023,55.0,gf,3.010,mm,OK,--,,,
1024,55.0,gf,3.015,mm,OK,--,,,
1025,55.0,gf,3.020,mm,OK,--,,,
1026,55.0,gf,3.020,mm,OK,--,,,
1027,55.0,gf,3.025,mm,OK,--,,,
1028,55.0,gf,3.025,mm,OK,--,,,
1029,55.0,gf,3.030,mm,OK,--,,,
1030,55.0,gf,3.035,mm,OK,--,,,
1031,55.0,gf,3.035,mm,OK,--,,,
1032,55.0,gf,3.040,mm,OK,--,,,
1033,55.0,gf,3.040,mm,OK,--,,,
1034,55.0,gf,3.045,mm,OK,--,,,
1035,55.0,gf,3.050,mm,OK,--,,,
1036,55.0,gf,3.050,mm,OK,--,,,
1037,55.0,gf,3.055,mm,OK,--,,,
1038,55.0,gf,3.055,mm,OK,--,,,
1039,55.0,gf,3.060,mm,OK,--,,,
1040,55.0,gf,3.065,mm,OK,--,,,
1041,55.0,gf,3.065,mm,OK,--,,,
1042,55.0,gf,3.070,mm,OK,--,,,
1043,55.0,gf,3.070,mm,OK,--,,,
1044,55.0,gf,3.075,mm,OK,--,,,
1045,55.0,gf,3.080,mm,OK,--,,,
1046,55.0,gf,3.080,mm,OK,--,,,
1047,55.0,gf,3.085,mm,OK,--,,,
1048,55.0,gf,3.085,mm,OK,--,,,
1049,55.0,gf,3.090,mm,OK,--,,,
1050,55.0,gf,3.095,mm,OK,--,,,
1051,55.0,gf,3.095,mm,OK,--,,,
1052,55.0,gf,3.100,mm,OK,--,,,
1053,55.0,gf,3.100,mm,OK,--,,,
1054,55.0,gf,3.105,mm,OK,--,,,
1055,55.0,gf,3.110,mm,OK,--,,,
1056,55.0,gf,3.110,mm,OK,--,,,
1057,55.0,gf,3.115,mm,OK,--,,,
1058,55.0,gf,3.115,mm,OK,--,,,
1059,55.0,gf,3.120,mm,OK,--,,,
1060,55.0,gf,3.125,mm,OK,--,,,
1061,55.0,gf,3.125,mm,OK,--,,,
1062,55.0,gf,3.130,mm,OK,--,,,
1063,55.0,gf,3.130,mm,OK,--,,,
1064,55.0,gf,3.135,mm,OK,--,,,
1065,55.0,gf,3.140,mm,OK,--,,,
1066,55.0,gf,3.140,mm,OK,--,,,
1067,55.0,gf,3.145,mm,OK,--,,,
1068,55.0,gf,3.145,mm,OK,--,,,
1069,55.0,gf,3.150,mm,OK,--,,,
1070,55.0,gf,3.155,mm,OK,--,,,
1071,55.0,gf,3.155,mm,OK,--,,,
1072,55.0,gf,3.160,mm,OK,--,,,
1073,55.0,gf,3.160,mm,OK,--,,,
1074,55.0,gf,3.165,mm,OK,--,,,
1075,55.0,gf,3.170,mm,OK,--,,,
1076,55.0,gf,3.170,mm,OK,--,,,
1077,55.0,gf,3.175,mm,OK,--,,,
1078,55.0,gf,3.175,mm,OK,--,,,
1079,55.0,gf,3.180,mm,OK,--,,,
1080,55.0,gf,3.185,mm,OK,--,,,
1081,55.0,gf,3.185,mm,OK,--,,,
1082,55.0,gf,3.190,mm,OK,--,,,
1083,55.0,gf,3.190,mm,OK,--,,,
1084,55.0,gf,3.195,mm,OK,--,,,
1085,55.0,gf,3.200,mm,OK,--,,,
1086,55.0,gf,3.200,mm,OK,--,,,
1087,55.0,gf,3.205,mm,OK,--,,,
1088,55.0,gf,3.205,mm,OK,--,,,
1089,55.0,gf,3.210,mm,OK,--,,,
1090,55.0,gf,3.215,mm,OK,--,,,
1091,55.0,gf,3.215,mm,OK,--,,,
1092,55.1,gf,3.220,mm,OK,--,,,
1093,55.1,gf,3.220,mm,OK,--,,,
1094,55.1,gf,3.225,mm,OK,--,,,
1095,55.1,gf,3.230,mm,OK,--,,,
1096,55.1,gf,3.230,mm,OK,--,,,
1097,55.2,gf,3.235,mm,OK,--,,,
1098,55.2,gf,3.235,mm,OK,--,,,
1099,55.2,gf,3.240,mm,OK,--,,,
1100,55.3,gf,3.245,mm,OK,--,,,
1101,55.3,gf,3.245,mm,OK,--,,,
1102,55.4,gf,3.250,mm,OK,--,,,
1103,55.4,gf,3.250,mm,OK,--,,,
1104,55.5,gf,3.255,mm,OK,--,,,
1105,55.5,gf,3.260,mm,OK,--,,,
1106,55.6,gf,3.260,mm,OK,--,,,
1107,55.6,gf,3.265,mm,OK,--,,,
1108,55.7,gf,3.265,mm,OK,--,,,
1109,55.8,gf,3.270,mm,OK,--,,,
1110,55.8,gf,3.275,mm,OK,--,,,
1111,55.9,gf,3.275,mm,OK,--,,,
1112,56.0,gf,3.280,mm,OK,--,,,
1113,56.1,gf,3.280,mm,OK,--,,,
1114,56.2,gf,3.285,mm,OK,--,,,
1115,56.4,gf,3.290,mm,OK,--,,,
1116,56.7,gf,3.290,mm,OK,--,,,
1117,57.1,gf,3.295,mm,OK,--,,,
1118,57.5,gf,3.295,mm,OK,--,,,
1119,58.0,gf,3.300,mm,OK,--,,,
1120,59.3,gf,3.305,mm,OK,--,,,
1121,61.8,gf,3.305,mm,OK,--,,,
1122,65.2,gf,3.310,mm,OK,--,,,
1123,69.2,gf,3.310,mm,OK,--,,,
1124,73.4,gf,3.315,mm,OK,--,,,
1125,77.5,gf,3.320,mm,OK,--,,,
1126,81.2,gf,3.320,mm,OK,--,,,
1127,84.8,gf,3.325,mm,OK,--,,,
1128,88.5,gf,3.325,mm,OK,--,,,
1129,92.2,gf,3.330,mm,OK,--,,,
1130,96.0,gf,3.335,mm,OK,--,,,
1131,99.9,gf,3.335,mm,OK,--,,,
1132,103.7,gf,3.340,mm,OK,--,,,
1133,107.6,gf,3.340,mm,OK,--,,,
1134,111.5,gf,3.345,mm,OK,--,,,
1135,115.4,gf,3.350,mm,OK,--,,,
1136,118.0,gf,3.350,mm,OK,--,,,
1137,117.8,gf,3.350,mm,OK,--,,,
1138,117.5,gf,3.350,mm,OK,--,,,
1139,117.3,gf,3.350,mm,OK,--,,,
1140,117.0,gf,3.350,mm,OK,--,,,
1141,116.8,gf,3.350,mm,OK,--,,,
1142,116.6,gf,3.350,mm,OK,--,,,
1143,116.3,gf,3.350,mm,OK,--,,,
1144,116.1,gf,3.350,mm,OK,--,,,
1145,115.8,gf,3.350,mm,OK,--,,,
1146,115.6,gf,3.350,mm,OK,--,,,
1147,115.4,gf,3.350,mm,OK,--,,,
1148,115.1,gf,3.350,mm,OK,--,,,
1149,114.9,gf,3.350,mm,OK,--,,,
1150,114.6,gf,3.350,mm,OK,--,,,
1151,114.4,gf,3.350,mm,OK,--,,,
1152,114.2,gf,3.350,mm,OK,--,,,
1153,113.9,gf,3.350,mm,OK,--,,,
1154,113.7,gf,3.350,mm,OK,--,,,
1155,113.4,gf,3.350,mm,OK,--,,,
1156,113.2,gf,3.350,mm,OK,--,,,
1157,113.0,gf,3.350,mm,OK,--,,,
1158,112.7,gf,3.350,mm,OK,--,,,
1159,112.5,gf,3.350,mm,OK,--,,,
1160,112.2,gf,3.350,mm,OK,--,,,
1161,112.0,gf,3.350,mm,OK,--,,,
1162,109.8,gf,3.345,mm,OK,--,,,
1163,107.5,gf,3.345,mm,OK,--,,,
1164,104.9,gf,3.340,mm,OK,--,,,
1165,102.1,gf,3.340,mm,OK,--,,,
1166,99.1,gf,3.335,mm,OK,--,,,
1167,95.8,gf,3.330,mm,OK,--,,,
1168,92.5,gf,3.330,mm,OK,--,,,
1169,89.0,gf,3.325,mm,OK,--,,,
1170,85.5,gf,3.325,mm,OK,--,,,
1171,82.0,gf,3.320,mm,OK,--,,,
1172,78.2,gf,3.315,mm,OK,--,,,
1173,74.0,gf,3.315,mm,OK,--,,,
1174,69.7,gf,3.310,mm,OK,--,,,
1175,65.6,gf,3.310,mm,OK,--,,,
1176,62.0,gf,3.305,mm,OK,--,,,
1177,59.2,gf,3.300,mm,OK,--,,,
1178,57.5,gf,3.300,mm,OK,--,,,
1179,56.2,gf,3.295,mm,OK,--,,,
1180,55.0,gf,3.295,mm,OK,--,,,
1181,53.9,gf,3.290,mm,OK,--,,,
1182,53.1,gf,3.285,mm,OK,--,,,
1183,52.5,gf,3.285,mm,OK,--,,,
1184,52.1,gf,3.280,mm,OK,--,,,
1185,51.9,gf,3.280,mm,OK,--,,,
1186,51.7,gf,3.275,mm,OK,--,,,
1187,51.6,gf,3.270,mm,OK,--,,,
1188,51.4,gf,3.270,mm,OK,--,,,
1189,51.3,gf,3.265,mm,OK,--,,,
1190,51.2,gf,3.265,mm,OK,--,,,
1191,51.1,gf,3.260,mm,OK,--,,,
1192,51.0,gf,3.255,mm,OK,--,,,
1193,50.8,gf,3.255,mm,OK,--,,,
1194,50.7,gf,3.250,mm,OK,--,,,
1195,50.7,gf,3.250,mm,OK,--,,,
1196,50.6,gf,3.245,mm,OK,--,,,
1197,50.5,gf,3.240,mm,OK,--,,,
1198,50.4,gf,3.240,mm,OK,--,,,
1199,50.4,gf,3.235,mm,OK,--,,,
1200,50.3,gf,3.235,mm,OK,--,,,
1201,50.2,gf,3.230,mm,OK,--,,,
1202,50.2,gf,3.225,mm,OK,--,,,
1203,50.2,gf,3.225,mm,OK,--,,,
1204,50.1,gf,3.220,mm,OK,--,,,
1205,50.1,gf,3.220,mm,OK,--,,,
1206,50.1,gf,3.215,mm,OK,--,,,
1207,50.0,gf,3.210,mm,OK,--,,,
1208,50.0,gf,3.210,mm,OK,--,,,
1209,50.0,gf,3.205,mm,OK,--,,,
1210,50.0,gf,3.205,mm,OK,--,,,
1211,50.0,gf,3.200,mm,OK,--,,,
1212,50.0,gf,3.195,mm,OK,--,,,
1213,50.0,gf,3.195,mm,OK,--,,,
1214,50.0,gf,3.190,mm,OK,--,,,
1215,50.0,gf,3.190,mm,OK,--,,,
1216,50.0,gf,3.185,mm,OK,--,,,
1217,50.0,gf,3.180,mm,OK,--,,,
1218,50.0,gf,3.180,mm,OK,--,,,
1219,50.0,gf,3.175,mm,OK,--,,,
1220,50.0,gf,3.175,mm,OK,--,,,
1221,50.0,gf,3.170,mm,OK,--,,,
1222,50.0,gf,3.165,mm,OK,--,,,
1223,50.0,gf,3.165,mm,OK,--,,,
1224,50.0,gf,3.160,mm,OK,--,,,
1225,50.0,gf,3.160,mm,OK,--,,,
1226,50.0,gf,3.155,mm,OK,--,,,
1227,50.0,gf,3.150,mm,OK,--,,,
1228,50.0,gf,3.150,mm,OK,--,,,
1229,50.0,gf,3.145,mm,OK,--,,,
1230,50.0,gf,3.145,mm,OK,--,,,
1231,50.0,gf,3.140,mm,OK,--,,,
1232,50.0,gf,3.135,mm,OK,--,,,
1233,50.0,gf,3.135,mm,OK,--,,,
1234,50.0,gf,3.130,mm,OK,--,,,
1235,50.0,gf,3.130,mm,OK,--,,,
1236,50.0,gf,3.125,mm,OK,--,,,
1237,50.0,gf,3.120,mm,OK,--,,,
1238,50.0,gf,3.120,mm,OK,--,,,
1239,50.0,gf,3.115,mm,OK,--,,,
1240,50.0,gf,3.115,mm,OK,--,,,
1241,50.0,gf,3.110,mm,OK,--,,,
1242,50.0,gf,3.105,mm,OK,--,,,
1243,50.0,gf,3.105,mm,OK,--,,,
1244,50.0,gf,3.100,mm,OK,--,,,
1245,50.0,gf,3.100,mm,OK,--,,,
1246,50.0,gf,3.095,mm,OK,--,,,
1247,50.0,gf,3.090,mm,OK,--,,,
1248,50.0,gf,3.090,mm,OK,--,,,
1249,50.0,gf,3.085,mm,OK,--,,,
1250,50.0,gf,3.085,mm,OK,--,,,
1251,50.0,gf,3.080,mm,OK,--,,,
1252,50.0,gf,3.075,mm,OK,--,,,
1253,50.0,gf,3.075,mm,OK,--,,,
1254,50.0,gf,3.070,mm,OK,--,,,
1255,50.0,gf,3.070,mm,OK,--,,,
1256,50.0,gf,3.065,mm,OK,--,,,
1257,50.0,gf,3.060,mm,OK,--,,,
1258,50.0,gf,3.060,mm,OK,--,,,
1259,50.0,gf,3.055,mm,OK,--,,,
1260,50.0,gf,3.055,mm,OK,--,,,
1261,50.0,gf,3.050,mm,OK,--,,,
1262,50.0,gf,3.045,mm,OK,--,,,
1263,50.0,gf,3.045,mm,OK,--,,,
1264,50.0,gf,3.040,mm,OK,--,,,
1265,50.0,gf,3.040,mm,OK,--,,,
1266,50.0,gf,3.035,mm,OK,--,,,
1267,50.0,gf,3.030,mm,OK,--,,,
1268,50.0,gf,3.030,mm,OK,--,,,
1269,50.0,gf,3.025,mm,OK,--,,,
1270,50.0,gf,3.025,mm,OK,--,,,
1271,50.0,gf,3.020,mm,OK,--,,,
1272,50.0,gf,3.015,mm,OK,--,,,
1273,50.0,gf,3.015,mm,OK,--,,,
1274,50.0,gf,3.010,mm,OK,--,,,
1275,50.0,gf,3.010,mm,OK,--,,,
1276,50.0,gf,3.005,mm,OK,--,,,
1277,50.0,gf,3.000,mm,OK,--,,,
1278,50.0,gf,3.000,mm,OK,--,,,
1279,50.0,gf,2.995,mm,OK,--,,,
1280,50.0,gf,2.995,mm,OK,--,,,
1281,50.0,gf,2.990,mm,OK,--,,,
1282,50.0,gf,2.985,mm,OK,--,,,
1283,50.0,gf,2.985,mm,OK,--,,,
1284,50.0,gf,2.980,mm,OK,--,,,
1285,50.0,gf,2.980,mm,OK,--,,,
1286,50.0,gf,2.975,mm,OK,--,,,
1287,50.0,gf,2.970,mm,OK,--,,,
1288,50.0,gf,2.970,mm,OK,--,,,
1289,50.0,gf,2.965,mm,OK,--,,,
1290,50.0,gf,2.965,mm,OK,--,,,
1291,50.0,gf,2.960,mm,OK,--,,,
1292,50.0,gf,2.955,mm,OK,--,,,
1293,50.0,gf,2.955,mm,OK,--,,,
1294,50.0,gf,2.950,mm,OK,--,,,
1295,50.0,gf,2.950,mm,OK,--,,,
1296,50.0,gf,2.945,mm,OK,--,,,
1297,50.0,gf,2.940,mm,OK,--,,,
1298,50.0,gf,2.940,mm,OK,--,,,
1299,50.0,gf,2.935,mm,OK,--,,,
1300,50.0,gf,2.935,mm,OK,--,,,
1301,50.0,gf,2.930,mm,OK,--,,,
1302,50.0,gf,2.925,mm,OK,--,,,
1303,50.0,gf,2.925,mm,OK,--,,,
1304,50.0,gf,2.920,mm,OK,--,,,
1305,50.0,gf,2.920,mm,OK,--,,,
1306,50.0,gf,2.915,mm,OK,--,,,
1307,50.0,gf,2.910,mm,OK,--,,,
1308,50.0,gf,2.910,mm,OK,--,,,
1309,50.0,gf,2.905,mm,OK,--,,,
1310,50.0,gf,2.905,mm,OK,--,,,
1311,50.0,gf,2.900,mm,OK,--,,,
1312,50.0,gf,2.895,mm,OK,--,,,
1313,50.0,gf,2.895,mm,OK,--,,,
1314,50.0,gf,2.890,mm,OK,--,,,
1315,50.0,gf,2.890,mm,OK,--,,,
1316,50.0,gf,2.885,mm,OK,--,,,
1317,50.0,gf,2.880,mm,OK,--,,,
1318,50.0,gf,2.880,mm,OK,--,,,
1319,50.0,gf,2.875,mm,OK,--,,,
1320,50.0,gf,2.875,mm,OK,--,,,
1321,50.0,gf,2.870,mm,OK,--,,,
1322,50.0,gf,2.865,mm,OK,--,,,
1323,50.0,gf,2.865,mm,OK,--,,,
1324,50.0,gf,2.860,mm,OK,--,,,
1325,50.0,gf,2.860,mm,OK,--,,,
1326,50.0,gf,2.855,mm,OK,--,,,
1327,50.0,gf,2.850,mm,OK,--,,,
1328,50.0,gf,2.850,mm,OK,--,,,
1329,50.0,gf,2.845,mm,OK,--,,,
1330,50.0,gf,2.845,mm,OK,--,,,
1331,50.0,gf,2.840,mm,OK,--,,,
1332,50.0,gf,2.835,mm,OK,--,,,
1333,50.0,gf,2.835,mm,OK,--,,,
1334,50.0,gf,2.830,mm,OK,--,,,
1335,50.0,gf,2.830,mm,OK,--,,,
1336,50.0,gf,2.825,mm,OK,--,,,
1337,50.0,gf,2.820,mm,OK,--,,,
1338,50.0,gf,2.820,mm,OK,--,,,
1339,50.0,gf,2.815,mm,OK,--,,,
1340,50.0,gf,2.815,mm,OK,--,,,
1341,50.0,gf,2.810,mm,OK,--,,,
1342,50.0,gf,2.805,mm,OK,--,,,
1343,50.0,gf,2.805,mm,OK,--,,,
1344,50.0,gf,2.800,mm,OK,--,,,
1345,50.0,gf,2.800,mm,OK,--,,,
1346,50.0,gf,2.795,mm,OK,--,,,
1347,50.0,gf,2.790,mm,OK,--,,,
1348,50.0,gf,2.790,mm,OK,--,,,
1349,50.0,gf,2.785,mm,OK,--,,,
1350,50.0,gf,2.785,mm,OK,--,,,
1351,50.0,gf,2.780,mm,OK,--,,,
1352,50.0,gf,2.775,mm,OK,--,,,
1353,50.0,gf,2.775,mm,OK,--,,,
1354,50.0,gf,2.770,mm,OK,--,,,
1355,50.0,gf,2.770,mm,OK,--,,,
1356,50.0,gf,2.765,mm,OK,--,,,
1357,50.0,gf,2.760,mm,OK,--,,,
1358,50.0,gf,2.760,mm,OK,--,,,
1359,50.0,gf,2.755,mm,OK,--,,,
1360,50.0,gf,2.755,mm,OK,--,,,
1361,50.0,gf,2.750,mm,OK,--,,,
1362,50.0,gf,2.745,mm,OK,--,,,
1363,50.0,gf,2.745,mm,OK,--,,,
1364,50.0,gf,2.740,mm,OK,--,,,
1365,50.0,gf,2.740,mm,OK,--,,,
1366,50.0,gf,2.735,mm,OK,--,,,
1367,50.0,gf,2.730,mm,OK,--,,,
1368,50.0,gf,2.730,mm,OK,--,,,
1369,50.0,gf,2.725,mm,OK,--,,,
1370,50.0,gf,2.725,mm,OK,--,,,
1371,50.0,gf,2.720,mm,OK,--,,,
1372,50.0,gf,2.715,mm,OK,--,,,
1373,50.0,gf,2.715,mm,OK,--,,,
1374,50.0,gf,2.710,mm,OK,--,,,
1375,50.0,gf,2.710,mm,OK,--,,,
1376,50.0,gf,2.705,mm,OK,--,,,
1377,50.0,gf,2.700,mm,OK,--,,,
1378,50.0,gf,2.700,mm,OK,--,,,
1379,50.0,gf,2.695,mm,OK,--,,,
1380,50.0,gf,2.695,mm,OK,--,,,
1381,50.0,gf,2.690,mm,OK,--,,,
1382,50.0,gf,2.685,mm,OK,--,,,
1383,50.0,gf,2.685,mm,OK,--,,,
1384,50.0,gf,2.680,mm,OK,--,,,
1385,50.0,gf,2.680,mm,OK,--,,,
1386,50.0,gf,2.675,mm,OK,--,,,
1387,50.0,gf,2.670,mm,OK,--,,,
1388,50.0,gf,2.670,mm,OK,--,,,
1389,50.0,gf,2.665,mm,OK,--,,,
1390,50.0,gf,2.665,mm,OK,--,,,
1391,50.0,gf,2.660,mm,OK,--,,,
1392,50.0,gf,2.655,mm,OK,--,,,
1393,50.0,gf,2.655,mm,OK,--,,,
1394,50.0,gf,2.650,mm,OK,--,,,
1395,50.0,gf,2.650,mm,OK,--,,,
1396,50.0,gf,2.645,mm,OK,--,,,
1397,50.0,gf,2.640,mm,OK,--,,,
1398,50.0,gf,2.640,mm,OK,--,,,
1399,50.0,gf,2.635,mm,OK,--,,,
1400,50.0,gf,2.635,mm,OK,--,,,
1401,50.0,gf,2.630,mm,OK,--,,,
1402,50.0,gf,2.625,mm,OK,--,,,
1403,50.0,gf,2.625,mm,OK,--,,,
1404,50.0,gf,2.620,mm,OK,--,,,
1405,50.0,gf,2.620,mm,OK,--,,,
1406,50.0,gf,2.615,mm,OK,--,,,
1407,50.0,gf,2.610,mm,OK,--,,,
1408,50.0,gf,2.610,mm,OK,--,,,
1409,50.0,gf,2.605,mm,OK,--,,,
1410,50.0,gf,2.605,mm,OK,--,,,
1411,50.0,gf,2.600,mm,OK,--,,,
1412,50.0,gf,2.595,mm,OK,--,,,
1413,50.0,gf,2.595,mm,OK,--,,,
1414,50.0,gf,2.590,mm,OK,--,,,
1415,50.0,gf,2.590,mm,OK,--,,,
1416,50.0,gf,2.585,mm,OK,--,,,
1417,50.0,gf,2.580,mm,OK,--,,,
1418,50.0,gf,2.580,mm,OK,--,,,
1419,49.9,gf,2.575,mm,OK,--,,,
1420,49.9,gf,2.575,mm,OK,--,,,
1421,49.9,gf,2.570,mm,OK,--,,,
1422,49.9,gf,2.565,mm,OK,--,,,
1423,49.9,gf,2.565,mm,OK,--,,,
1424,49.8,gf,2.560,mm,OK,--,,,
1425,49.8,gf,2.560,mm,OK,--,,,
1426,49.8,gf,2.555,mm,OK,--,,,
1427,49.8,gf,2.550,mm,OK,--,,,
1428,49.7,gf,2.550,mm,OK,--,,,
1429,49.7,gf,2.545,mm,OK,--,,,
1430,49.7,gf,2.545,mm,OK,--,,,
1431,49.6,gf,2.540,mm,OK,--,,,
1432,49.6,gf,2.535,mm,OK,--,,,
1433,49.6,gf,2.535,mm,OK,--,,,
1434,49.5,gf,2.530,mm,OK,--,,,
1435,49.5,gf,2.530,mm,OK,--,,,
1436,49.4,gf,2.525,mm,OK,--,,,
1437,49.4,gf,2.520,mm,OK,--,,,
1438,49.3,gf,2.520,mm,OK,--,,,
1439,49.3,gf,2.515,mm,OK,--,,,
1440,49.3,gf,2.515,mm,OK,--,,,
1441,49.2,gf,2.510,mm,OK,--,,,
1442,49.2,gf,2.505,mm,OK,--,,,
1443,49.1,gf,2.505,mm,OK,--,,,
1444,49.1,gf,2.500,mm,OK,--,,,
1445,49.0,gf,2.500,mm,OK,--,,,
1446,49.0,gf,2.495,mm,OK,--,,,
1447,48.9,gf,2.490,mm,OK,--,,,
1448,48.9,gf,2.490,mm,OK,--,,,
1449,48.8,gf,2.485,mm,OK,--,,,
1450,48.7,gf,2.485,mm,OK,--,,,
1451,48.7,gf,2.480,mm,OK,--,,,
1452,48.6,gf,2.475,mm,OK,--,,,
1453,48.6,gf,2.475,mm,OK,--,,,
1454,48.5,gf,2.470,mm,OK,--,,,
1455,48.5,gf,2.470,mm,OK,--,,,
1456,48.4,gf,2.465,mm,OK,--,,,
1457,48.3,gf,2.460,mm,OK,--,,,
1458,48.3,gf,2.460,mm,OK,--,,,
1459,48.2,gf,2.455,mm,OK,--,,,
1460,48.1,gf,2.455,mm,OK,--,,,
1461,48.1,gf,2.450,mm,OK,--,,,
1462,48.0,gf,2.445,mm,OK,--,,,
1463,48.0,gf,2.445,mm,OK,--,,,
1464,47.9,gf,2.440,mm,OK,--,,,
1465,47.8,gf,2.440,mm,OK,--,,,
1466,47.8,gf,2.435,mm,OK,--,,,
1467,47.7,gf,2.430,mm,OK,--,,,
1468,47.6,gf,2.430,mm,OK,--,,,
1469,47.6,gf,2.425,mm,OK,--,,,
1470,47.5,gf,2.425,mm,OK,--,,,
1471,47.4,gf,2.420,mm,OK,--,,,
1472,47.4,gf,2.415,mm,OK,--,,,
1473,47.3,gf,2.415,mm,OK,--,,,
1474,47.2,gf,2.410,mm,OK,--,,,
1475,47.2,gf,2.410,mm,OK,--,,,
1476,47.1,gf,2.405,mm,OK,--,,,
1477,47.0,gf,2.400,mm,OK,--,,,
1478,47.0,gf,2.400,mm,OK,--,,,
1479,46.9,gf,2.395,mm,OK,--,,,
1480,46.8,gf,2.395,mm,OK,--,,,
1481,46.8,gf,2.390,mm,OK,--,,,
1482,46.7,gf,2.385,mm,OK,--,,,
1483,46.6,gf,2.385,mm,OK,--,,,
1484,46.5,gf,2.380,mm,OK,--,,,
1485,46.4,gf,2.380,mm,OK,--,,,
1486,46.4,gf,2.375,mm,OK,--,,,
1487,46.3,gf,2.370,mm,OK,--,,,
1488,46.2,gf,2.370,mm,OK,--,,,
1489,46.1,gf,2.365,mm,OK,--,,,
1490,46.0,gf,2.365,mm,OK,--,,,
1491,45.9,gf,2.360,mm,OK,--,,,
1492,45.8,gf,2.355,mm,OK,--,,,
1493,45.7,gf,2.355,mm,OK,--,,,
1494,45.6,gf,2.350,mm,OK,--,,,
1495,45.5,gf,2.350,mm,OK,--,,,
1496,45.4,gf,2.345,mm,OK,--,,,
1497,45.2,gf,2.340,mm,OK,--,,,
1498,45.1,gf,2.340,mm,OK,--,,,
1499,45.0,gf,2.335,mm,OK,--,,,
1500,44.9,gf,2.335,mm,OK,--,,,
1501,44.8,gf,2.330,mm,OK,--,,,
1502,44.7,gf,2.325,mm,OK,--,,,
1503,44.5,gf,2.325,mm,OK,--,,,
1504,44.4,gf,2.320,mm,OK,--,,,
1505,44.3,gf,2.320,mm,OK,--,,,
1506,44.2,gf,2.315,mm,OK,--,,,
1507,44.0,gf,2.310,mm,OK,--,,,
1508,43.9,gf,2.310,mm,OK,--,,,
1509,43.8,gf,2.305,mm,OK,--,,,
1510,43.6,gf,2.305,mm,OK,--,,,
1511,43.5,gf,2.300,mm,OK,--,,,
1512,43.4,gf,2.295,mm,OK,--,,,
1513,43.2,gf,2.295,mm,OK,--,,,
1514,43.1,gf,2.290,mm,OK,--,,,
1515,43.0,gf,2.290,mm,OK,--,,,
1516,42.8,gf,2.285,mm,OK,--,,,
1517,42.7,gf,2.280,mm,OK,--,,,
1518,42.6,gf,2.280,mm,OK,--,,,
1519,42.4,gf,2.275,mm,OK,--,,,
1520,42.3,gf,2.275,mm,OK,--,,,
1521,42.2,gf,2.270,mm,OK,--,,,
1522,42.0,gf,2.265,mm,OK,--,,,
1523,41.9,gf,2.265,mm,OK,--,,,
1524,41.7,gf,2.260,mm,OK,--,,,
1525,41.6,gf,2.260,mm,OK,--,,,
1526,41.5,gf,2.255,mm,OK,--,,,
1527,41.3,gf,2.250,mm,OK,--,,,
1528,41.2,gf,2.250,mm,OK,--,,,
1529,41.1,gf,2.245,mm,OK,--,,,
1530,40.9,gf,2.245,mm,OK,--,,,
1531,40.8,gf,2.240,mm,OK,--,,,
1532,40.6,gf,2.235,mm,OK,--,,,
1533,40.5,gf,2.235,mm,OK,--,,,
1534,40.4,gf,2.230,mm,OK,--,,,
1535,40.2,gf,2.230,mm,OK,--,,,
1536,40.1,gf,2.225,mm,OK,--,,,
1537,40.0,gf,2.220,mm,OK,--,,,
1538,39.8,gf,2.220,mm,OK,--,,,
1539,39.7,gf,2.215,mm,OK,--,,,
1540,39.6,gf,2.215,mm,OK,--,,,
1541,39.4,gf,2.210,mm,OK,--,,,
1542,39.3,gf,2.205,mm,OK,--,,,
1543,39.2,gf,2.205,mm,OK,--,,,
1544,39.0,gf,2.200,mm,OK,--,,,
1545,38.9,gf,2.200,mm,OK,--,,,
1546,38.8,gf,2.195,mm,OK,--,,,
1547,38.7,gf,2.190,mm,OK,--,,,
1548,38.5,gf,2.190,mm,OK,--,,,
1549,38.4,gf,2.185,mm,OK,--,,,
1550,38.3,gf,2.185,mm,OK,--,,,
1551,38.1,gf,2.180,mm,OK,--,,,
1552,38.0,gf,2.175,mm,OK,--,,,
1553,37.9,gf,2.175,mm,OK,--,,,
1554,37.8,gf,2.170,mm,OK,--,,,
1555,37.6,gf,2.170,mm,OK,--,,,
1556,37.5,gf,2.165,mm,OK,--,,,
1557,37.4,gf,2.160,mm,OK,--,,,
1558,37.2,gf,2.160,mm,OK,--,,,
1559,37.1,gf,2.155,mm,OK,--,,,
1560,37.0,gf,2.155,mm,OK,--,,,
1561,36.8,gf,2.150,mm,OK,--,,,
1562,36.7,gf,2.145,mm,OK,--,,,
1563,36.6,gf,2.145,mm,OK,--,,,
1564,36.5,gf,2.140,mm,OK,--,,,
1565,36.3,gf,2.140,mm,OK,--,,,
1566,36.2,gf,2.135,mm,OK,--,,,
1567,36.1,gf,2.130,mm,OK,--,,,
1568,35.9,gf,2.130,mm,OK,--,,,
1569,35.8,gf,2.125,mm,OK,--,,,
1570,35.7,gf,2.125,mm,OK,--,,,
1571,35.5,gf,2.120,mm,OK,--,,,
1572,35.4,gf,2.115,mm,OK,--,,,
1573,35.3,gf,2.115,mm,OK,--,,,
1574,35.1,gf,2.110,mm,OK,--,,,
1575,35.0,gf,2.110,mm,OK,--,,,
1576,34.9,gf,2.105,mm,OK,--,,,
1577,34.7,gf,2.100,mm,OK,--,,,
1578,34.6,gf,2.100,mm,OK,--,,,
1579,34.5,gf,2.095,mm,OK,--,,,
1580,34.3,gf,2.095,mm,OK,--,,,
1581,34.2,gf,2.090,mm,OK,--,,,
1582,34.0,gf,2.085,mm,OK,--,,,
1583,33.9,gf,2.085,mm,OK,--,,,
1584,33.8,gf,2.080,mm,OK,--,,,
1585,33.6,gf,2.080,mm,OK,--,,,
1586,33.5,gf,2.075,mm,OK,--,,,
1587,33.4,gf,2.070,mm,OK,--,,,
1588,33.2,gf,2.070,mm,OK,--,,,
1589,33.1,gf,2.065,mm,OK,--,,,
1590,32.9,gf,2.065,mm,OK,--,,,
1591,32.8,gf,2.060,mm,OK,--,,,
1592,32.7,gf,2.055,mm,OK,--,,,
1593,32.5,gf,2.055,mm,OK,--,,,
1594,32.4,gf,2.050,mm,OK,--,,,
1595,32.3,gf,2.050,mm,OK,--,,,
1596,32.1,gf,2.045,mm,OK,--,,,
1597,32.0,gf,2.040,mm,OK,--,,,
1598,31.8,gf,2.040,mm,OK,--,,,
1599,31.7,gf,2.035,mm,OK,--,,,
1600,31.6,gf,2.035,mm,OK,--,,,
1601,31.4,gf,2.030,mm,OK,--,,,
1602,31.3,gf,2.025,mm,OK,--,,,
1603,31.1,gf,2.025,mm,OK,--,,,
1604,31.0,gf,2.020,mm,OK,--,,,
1605,30.9,gf,2.020,mm,OK,--,,,
1606,30.7,gf,2.015,mm,OK,--,,,
1607,30.6,gf,2.010,mm,OK,--,,,
1608,30.4,gf,2.010,mm,OK,--,,,
1609,30.3,gf,2.005,mm,OK,--,,,
1610,30.1,gf,2.005,mm,OK,--,,,
1611,30.0,gf,2.000,mm,OK,--,,,
1612,29.9,gf,1.995,mm,OK,--,,,
1613,29.7,gf,1.995,mm,OK,--,,,
1614,29.6,gf,1.990,mm,OK,--,,,
1615,29.4,gf,1.990,mm,OK,--,,,
1616,29.3,gf,1.985,mm,OK,--,,,
1617,29.1,gf,1.980,mm,OK,--,,,
1618,28.9,gf,1.980,mm,OK,--,,,
1619,28.8,gf,1.975,mm,OK,--,,,
1620,28.6,gf,1.975,mm,OK,--,,,
1621,28.5,gf,1.970,mm,OK,--,,,
1622,28.3,gf,1.965,mm,OK,--,,,
1623,28.1,gf,1.965,mm,OK,--,,,
1624,28.0,gf,1.960,mm,OK,--,,,
1625,27.8,gf,1.960,mm,OK,--,,,
1626,27.6,gf,1.955,mm,OK,--,,,
1627,27.5,gf,1.950,mm,OK,--,,,
1628,27.3,gf,1.950,mm,OK,--,,,
1629,27.2,gf,1.945,mm,OK,--,,,
1630,27.0,gf,1.945,mm,OK,--,,,
1631,26.8,gf,1.940,mm,OK,--,,,
1632,26.7,gf,1.935,mm,OK,--,,,
1633,26.5,gf,1.935,mm,OK,--,,,
1634,26.4,gf,1.930,mm,OK,--,,,
1635,26.2,gf,1.930,mm,OK,--,,,
1636,26.1,gf,1.925,mm,OK,--,,,
1637,25.9,gf,1.920,mm,OK,--,,,
1638,25.8,gf,1.920,mm,OK,--,,,
1639,25.7,gf,1.915,mm,OK,--,,,
1640,25.5,gf,1.915,mm,OK,--,,,
1641,25.4,gf,1.910,mm,OK,--,,,
1642,25.3,gf,1.905,mm,OK,--,,,
1643,25.2,gf,1.905,mm,OK,--,,,
1644,25.0,gf,1.900,mm,OK,--,,,
1645,24.9,gf,1.900,mm,OK,--,,,
1646,24.8,gf,1.895,mm,OK,--,,,
1647,24.7,gf,1.890,mm,OK,--,,,
1648,24.6,gf,1.890,mm,OK,--,,,
1649,24.5,gf,1.885,mm,OK,--,,,
1650,24.3,gf,1.885,mm,OK,--,,,
1651,24.2,gf,1.880,mm,OK,--,,,
1652,24.1,gf,1.875,mm,OK,--,,,
1653,24.0,gf,1.875,mm,OK,--,,,
1654,23.8,gf,1.870,mm,OK,--,,,
1655,23.7,gf,1.870,mm,OK,--,,,
1656,23.6,gf,1.865,mm,OK,--,,,
1657,23.5,gf,1.860,mm,OK,--,,,
1658,23.4,gf,1.860,mm,OK,--,,,
1659,23.3,gf,1.855,mm,OK,--,,,
1660,23.1,gf,1.855,mm,OK,--,,,
1661,23.0,gf,1.850,mm,OK,--,,,
1662,22.9,gf,1.845,mm,OK,--,,,
1663,22.8,gf,1.845,mm,OK,--,,,
1664,22.7,gf,1.840,mm,OK,--,,,
1665,22.6,gf,1.840,mm,OK,--,,,
1666,22.5,gf,1.835,mm,OK,--,,,
1667,22.5,gf,1.830,mm,OK,--,,,
1668,22.4,gf,1.830,mm,OK,--,,,
1669,22.3,gf,1.825,mm,OK,--,,,
1670,22.3,gf,1.825,mm,OK,--,,,
1671,22.2,gf,1.820,mm,OK,--,,,
1672,22.1,gf,1.815,mm,OK,--,,,
1673,22.1,gf,1.815,mm,OK,--,,,
1674,22.1,gf,1.810,mm,OK,--,,,
1675,22.0,gf,1.810,mm,OK,--,,,
1676,22.0,gf,1.805,mm,OK,--,,,
1677,22.0,gf,1.800,mm,OK,--,,,
1678,22.0,gf,1.800,mm,OK,--,,,
1679,22.0,gf,1.795,mm,OK,--,,,
1680,22.0,gf,1.795,mm,OK,--,,,
1681,22.0,gf,1.790,mm,OK,--,,,
1682,22.0,gf,1.785,mm,OK,--,,,
1683,22.0,gf,1.785,mm,OK,--,,,
1684,22.0,gf,1.780,mm,OK,--,,,
1685,22.0,gf,1.780,mm,OK,--,,,
1686,22.0,gf,1.775,mm,OK,--,,,
1687,22.0,gf,1.770,mm,OK,--,,,
1688,22.0,gf,1.770,mm,OK,--,,,
1689,22.0,gf,1.765,mm,OK,--,,,
1690,22.0,gf,1.765,mm,OK,--,,,
1691,22.1,gf,1.760,mm,OK,--,,,
1692,22.1,gf,1.755,mm,OK,--,,,
1693,22.1,gf,1.755,mm,OK,--,,,
1694,22.1,gf,1.750,mm,OK,--,,,
1695,22.1,gf,1.750,mm,OK,--,,,
1696,22.1,gf,1.745,mm,OK,--,,,
1697,22.1,gf,1.740,mm,OK,--,,,
1698,22.1,gf,1.740,mm,OK,--,,,
1699,22.1,gf,1.735,mm,OK,--,,,
1700,22.2,gf,1.735,mm,OK,--,,,
1701,22.2,gf,1.730,mm,OK,--,,,
1702,22.2,gf,1.725,mm,OK,--,,,
1703,22.2,gf,1.725,mm,OK,--,,,
1704,22.2,gf,1.720,mm,OK,--,,,
1705,22.2,gf,1.720,mm,OK,--,,,
1706,22.2,gf,1.715,mm,OK,--,,,
1707,22.2,gf,1.710,mm,OK,--,,,
1708,22.3,gf,1.710,mm,OK,--,,,
1709,22.3,gf,1.705,mm,OK,--,,,
1710,22.3,gf,1.705,mm,OK,--,,,
1711,22.3,gf,1.700,mm,OK,--,,,
1712,22.3,gf,1.695,mm,OK,--,,,
1713,22.3,gf,1.695,mm,OK,--,,,
1714,22.4,gf,1.690,mm,OK,--,,,
1715,22.4,gf,1.690,mm,OK,--,,,
1716,22.4,gf,1.685,mm,OK,--,,,
1717,22.4,gf,1.680,mm,OK,--,,,
1718,22.4,gf,1.680,mm,OK,--,,,
1719,22.5,gf,1.675,mm,OK,--,,,
1720,22.5,gf,1.675,mm,OK,--,,,
1721,22.5,gf,1.670,mm,OK,--,,,
1722,22.5,gf,1.665,mm,OK,--,,,
1723,22.5,gf,1.665,mm,OK,--,,,
1724,22.6,gf,1.660,mm,OK,--,,,
1725,22.6,gf,1.660,mm,OK,--,,,
1726,22.6,gf,1.655,mm,OK,--,,,
1727,22.6,gf,1.650,mm,OK,--,,,
1728,22.6,gf,1.650,mm,OK,--,,,
1729,22.7,gf,1.645,mm,OK,--,,,
1730,22.7,gf,1.645,mm,OK,--,,,
1731,22.7,gf,1.640,mm,OK,--,,,
1732,22.7,gf,1.635,mm,OK,--,,,
1733,22.7,gf,1.635,mm,OK,--,,,
1734,22.8,gf,1.630,mm,OK,--,,,
1735,22.8,gf,1.630,mm,OK,--,,,
1736,22.8,gf,1.625,mm,OK,--,,,
1737,22.8,gf,1.620,mm,OK,--,,,
1738,22.9,gf,1.620,mm,OK,--,,,
1739,22.9,gf,1.615,mm,OK,--,,,
1740,22.9,gf,1.615,mm,OK,--,,,
1741,22.9,gf,1.610,mm,OK,--,,,
1742,22.9,gf,1.605,mm,OK,--,,,
1743,23.0,gf,1.605,mm,OK,--,,,
1744,23.0,gf,1.600,mm,OK,--,,,
1745,23.0,gf,1.600,mm,OK,--,,,
1746,23.0,gf,1.595,mm,OK,--,,,
1747,23.1,gf,1.590,mm,OK,--,,,
1748,23.1,gf,1.590,mm,OK,--,,,
1749,23.1,gf,1.585,mm,OK,--,,,
1750,23.1,gf,1.585,mm,OK,--,,,
1751,23.2,gf,1.580,mm,OK,--,,,
1752,23.2,gf,1.575,mm,OK,--,,,
1753,23.2,gf,1.575,mm,OK,--,,,
1754,23.3,gf,1.570,mm,OK,--,,,
1755,23.3,gf,1.570,mm,OK,--,,,
1756,23.3,gf,1.565,mm,OK,--,,,
1757,23.4,gf,1.560,mm,OK,--,,,
1758,23.4,gf,1.560,mm,OK,--,,,
1759,23.4,gf,1.555,mm,OK,--,,,
1760,23.5,gf,1.555,mm,OK,--,,,
1761,23.5,gf,1.550,mm,OK,--,,,
1762,23.6,gf,1.545,mm,OK,--,,,
1763,23.6,gf,1.545,mm,OK,--,,,
1764,23.6,gf,1.540,mm,OK,--,,,
1765,23.7,gf,1.540,mm,OK,--,,,
1766,23.7,gf,1.535,mm,OK,--,,,
1767,23.8,gf,1.530,mm,OK,--,,,
1768,23.8,gf,1.530,mm,OK,--,,,
1769,23.8,gf,1.525,mm,OK,--,,,
1770,23.9,gf,1.525,mm,OK,--,,,
1771,23.9,gf,1.520,mm,OK,--,,,
1772,24.0,gf,1.515,mm,OK,--,,,
1773,24.0,gf,1.515,mm,OK,--,,,
1774,24.1,gf,1.510,mm,OK,--,,,
1775,24.1,gf,1.510,mm,OK,--,,,
1776,24.2,gf,1.505,mm,OK,--,,,
1777,24.2,gf,1.500,mm,OK,--,,,
1778,24.3,gf,1.500,mm,OK,--,,,
1779,24.3,gf,1.495,mm,OK,--,,,
1780,24.4,gf,1.495,mm,OK,--,,,
1781,24.4,gf,1.490,mm,OK,--,,,
1782,24.5,gf,1.485,mm,OK,--,,,
1783,24.5,gf,1.485,mm,OK,--,,,
1784,24.6,gf,1.480,mm,OK,--,,,
1785,24.6,gf,1.480,mm,OK,--,,,
1786,24.7,gf,1.475,mm,OK,--,,,
1787,24.7,gf,1.470,mm,OK,--,,,
1788,24.8,gf,1.470,mm,OK,--,,,
1789,24.9,gf,1.465,mm,OK,--,,,
1790,24.9,gf,1.465,mm,OK,--,,,
1791,25.0,gf,1.460,mm,OK,--,,,
1792,25.0,gf,1.455,mm,OK,--,,,
1793,25.1,gf,1.455,mm,OK,--,,,
1794,25.1,gf,1.450,mm,OK,--,,,
1795,25.2,gf,1.450,mm,OK,--,,,
1796,25.2,gf,1.445,mm,OK,--,,,
1797,25.3,gf,1.440,mm,OK,--,,,
1798,25.4,gf,1.440,mm,OK,--,,,
1799,25.4,gf,1.435,mm,OK,--,,,
1800,25.5,gf,1.435,mm,OK,--,,,
1801,25.5,gf,1.430,mm,OK,--,,,
1802,25.6,gf,1.425,mm,OK,--,,,
1803,25.7,gf,1.425,mm,OK,--,,,
1804,25.7,gf,1.420,mm,OK,--,,,
1805,25.8,gf,1.420,mm,OK,--,,,
1806,25.8,gf,1.415,mm,OK,--,,,
1807,25.9,gf,1.410,mm,OK,--,,,
1808,26.0,gf,1.410,mm,OK,--,,,
1809,26.0,gf,1.405,mm,OK,--,,,
1810,26.1,gf,1.405,mm,OK,--,,,
1811,26.1,gf,1.400,mm,OK,--,,,
1812,26.2,gf,1.395,mm,OK,--,,,
1813,26.2,gf,1.395,mm,OK,--,,,
1814,26.3,gf,1.390,mm,OK,--,,,
1815,26.4,gf,1.390,mm,OK,--,,,
1816,26.4,gf,1.385,mm,OK,--,,,
1817,26.5,gf,1.380,mm,OK,--,,,
1818,26.5,gf,1.380,mm,OK,--,,,
1819,26.6,gf,1.375,mm,OK,--,,,
1820,26.7,gf,1.375,mm,OK,--,,,
1821,26.7,gf,1.370,mm,OK,--,,,
1822,26.8,gf,1.365,mm,OK,--,,,
1823,26.8,gf,1.365,mm,OK,--,,,
1824,26.9,gf,1.360,mm,OK,--,,,
1825,26.9,gf,1.360,mm,OK,--,,,
1826,27.0,gf,1.355,mm,OK,--,,,
1827,27.1,gf,1.350,mm,OK,--,,,
1828,27.1,gf,1.350,mm,OK,--,,,
1829,27.2,gf,1.345,mm,OK,--,,,
1830,27.2,gf,1.345,mm,OK,--,,,
1831,27.3,gf,1.340,mm,OK,--,,,
1832,27.3,gf,1.335,mm,OK,--,,,
1833,27.4,gf,1.335,mm,OK,--,,,
1834,27.5,gf,1.330,mm,OK,--,,,
1835,27.5,gf,1.330,mm,OK,--,,,
1836,27.6,gf,1.325,mm,OK,--,,,
1837,27.6,gf,1.320,mm,OK,--,,,
1838,27.7,gf,1.320,mm,OK,--,,,
1839,27.7,gf,1.315,mm,OK,--,,,
1840,27.8,gf,1.315,mm,OK,--,,,
1841,27.8,gf,1.310,mm,OK,--,,,
1842,27.9,gf,1.305,mm,OK,--,,,
1843,27.9,gf,1.305,mm,OK,--,,,
1844,28.0,gf,1.300,mm,OK,--,,,
1845,28.0,gf,1.300,mm,OK,--,,,
1846,28.1,gf,1.295,mm,OK,--,,,
1847,28.1,gf,1.290,mm,OK,--,,,
1848,28.2,gf,1.290,mm,OK,--,,,
1849,28.2,gf,1.285,mm,OK,--,,,
1850,28.3,gf,1.285,mm,OK,--,,,
1851,28.3,gf,1.280,mm,OK,--,,,
1852,28.4,gf,1.275,mm,OK,--,,,
1853,28.4,gf,1.275,mm,OK,--,,,
1854,28.5,gf,1.270,mm,OK,--,,,
1855,28.5,gf,1.270,mm,OK,--,,,
1856,28.6,gf,1.265,mm,OK,--,,,
1857,28.6,gf,1.260,mm,OK,--,,,
1858,28.7,gf,1.260,mm,OK,--,,,
1859,28.7,gf,1.255,mm,OK,--,,,
1860,28.8,gf,1.255,mm,OK,--,,,
1861,28.8,gf,1.250,mm,OK,--,,,
1862,28.9,gf,1.245,mm,OK,--,,,
1863,28.9,gf,1.245,mm,OK,--,,,
1864,29.0,gf,1.240,mm,OK,--,,,
1865,29.0,gf,1.240,mm,OK,--,,,
1866,29.1,gf,1.235,mm,OK,--,,,
1867,29.1,gf,1.230,mm,OK,--,,,
1868,29.2,gf,1.230,mm,OK,--,,,
1869,29.2,gf,1.225,mm,OK,--,,,
1870,29.3,gf,1.225,mm,OK,--,,,
1871,29.3,gf,1.220,mm,OK,--,,,
1872,29.4,gf,1.215,mm,OK,--,,,
1873,29.4,gf,1.215,mm,OK,--,,,
1874,29.5,gf,1.210,mm,OK,--,,,
1875,29.5,gf,1.210,mm,OK,--,,,
1876,29.6,gf,1.205,mm,OK,--,,,
1877,29.6,gf,1.200,mm,OK,--,,,
1878,29.6,gf,1.200,mm,OK,--,,,
1879,29.7,gf,1.195,mm,OK,--,,,
1880,29.7,gf,1.195,mm,OK,--,,,
1881,29.8,gf,1.190,mm,OK,--,,,
1882,29.8,gf,1.185,mm,OK,--,,,
1883,29.9,gf,1.185,mm,OK,--,,,
1884,29.9,gf,1.180,mm,OK,--,,,
1885,30.0,gf,1.180,mm,OK,--,,,
1886,30.0,gf,1.175,mm,OK,--,,,
1887,30.1,gf,1.170,mm,OK,--,,,
1888,30.1,gf,1.170,mm,OK,--,,,
1889,30.2,gf,1.165,mm,OK,--,,,
1890,30.2,gf,1.165,mm,OK,--,,,
1891,30.3,gf,1.160,mm,OK,--,,,
1892,30.3,gf,1.155,mm,OK,--,,,
1893,30.4,gf,1.155,mm,OK,--,,,
1894,30.4,gf,1.150,mm,OK,--,,,
1895,30.5,gf,1.150,mm,OK,--,,,
1896,30.5,gf,1.145,mm,OK,--,,,
1897,30.6,gf,1.140,mm,OK,--,,,
1898,30.6,gf,1.140,mm,OK,--,,,
1899,30.7,gf,1.135,mm,OK,--,,,
1900,30.7,gf,1.135,mm,OK,--,,,
1901,30.8,gf,1.130,mm,OK,--,,,
1902,30.8,gf,1.125,mm,OK,--,,,
1903,30.9,gf,1.125,mm,OK,--,,,
1904,30.9,gf,1.120,mm,OK,--,,,
1905,31.0,gf,1.120,mm,OK,--,,,
1906,31.0,gf,1.115,mm,OK,--,,,
1907,31.1,gf,1.110,mm,OK,--,,,
1908,31.1,gf,1.110,mm,OK,--,,,
1909,31.2,gf,1.105,mm,OK,--,,,
1910,31.2,gf,1.105,mm,OK,--,,,
1911,31.3,gf,1.100,mm,OK,--,,,
1912,31.3,gf,1.095,mm,OK,--,,,
1913,31.4,gf,1.095,mm,OK,--,,,
1914,31.4,gf,1.090,mm,OK,--,,,
1915,31.5,gf,1.090,mm,OK,--,,,
1916,31.5,gf,1.085,mm,OK,--,,,
1917,31.6,gf,1.080,mm,OK,--,,,
1918,31.6,gf,1.080,mm,OK,--,,,
1919,31.7,gf,1.075,mm,OK,--,,,
1920,31.7,gf,1.075,mm,OK,--,,,
1921,31.8,gf,1.070,mm,OK,--,,,
1922,31.8,gf,1.065,mm,OK,--,,,
1923,31.9,gf,1.065,mm,OK,--,,,
1924,31.9,gf,1.060,mm,OK,--,,,
1925,32.0,gf,1.060,mm,OK,--,,,
1926,32.0,gf,1.055,mm,OK,--,,,
1927,32.1,gf,1.050,mm,OK,--,,,
1928,32.1,gf,1.050,mm,OK,--,,,
1929,32.2,gf,1.045,mm,OK,--,,,
1930,32.2,gf,1.045,mm,OK,--,,,
1931,32.3,gf,1.040,mm,OK,--,,,
1932,32.3,gf,1.035,mm,OK,--,,,
1933,32.4,gf,1.035,mm,OK,--,,,
1934,32.4,gf,1.030,mm,OK,--,,,
1935,32.5,gf,1.030,mm,OK,--,,,
1936,32.6,gf,1.025,mm,OK,--,,,
1937,32.6,gf,1.020,mm,OK,--,,,
1938,32.7,gf,1.020,mm,OK,--,,,
1939,32.7,gf,1.015,mm,OK,--,,,
1940,32.8,gf,1.015,mm,OK,--,,,
1941,32.8,gf,1.010,mm,OK,--,,,
1942,32.9,gf,1.005,mm,OK,--,,,
1943,32.9,gf,1.005,mm,OK,--,,,
1944,33.0,gf,1.000,mm,OK,--,,,
1945,33.0,gf,1.000,mm,OK,--,,,
1946,33.1,gf,0.995,mm,OK,--,,,
1947,33.1,gf,0.990,mm,OK,--,,,
1948,33.2,gf,0.990,mm,OK,--,,,
1949,33.3,gf,0.985,mm,OK,--,,,
1950,33.3,gf,0.985,mm,OK,--,,,
1951,33.4,gf,0.980,mm,OK,--,,,
1952,33.4,gf,0.975,mm,OK,--,,,
1953,33.5,gf,0.975,mm,OK,--,,,
1954,33.5,gf,0.970,mm,OK,--,,,
1955,33.6,gf,0.970,mm,OK,--,,,
1956,33.7,gf,0.965,mm,OK,--,,,
1957,33.7,gf,0.960,mm,OK,--,,,
1958,33.8,gf,0.960,mm,OK,--,,,
1959,33.8,gf,0.955,mm,OK,--,,,
1960,33.9,gf,0.955,mm,OK,--,,,
1961,33.9,gf,0.950,mm,OK,--,,,
1962,34.0,gf,0.945,mm,OK,--,,,
1963,34.1,gf,0.945,mm,OK,--,,,
1964,34.1,gf,0.940,mm,OK,--,,,
1965,34.2,gf,0.940,mm,OK,--,,,
1966,34.2,gf,0.935,mm,OK,--,,,
1967,34.3,gf,0.930,mm,OK,--,,,
1968,34.3,gf,0.930,mm,OK,--,,,
1969,34.4,gf,0.925,mm,OK,--,,,
1970,34.5,gf,0.925,mm,OK,--,,,
1971,34.5,gf,0.920,mm,OK,--,,,
1972,34.6,gf,0.915,mm,OK,--,,,
1973,34.6,gf,0.915,mm,OK,--,,,
1974,34.7,gf,0.910,mm,OK,--,,,
1975,34.8,gf,0.910,mm,OK,--,,,
1976,34.8,gf,0.905,mm,OK,--,,,
1977,34.9,gf,0.900,mm,OK,--,,,
1978,34.9,gf,0.900,mm,OK,--,,,
1979,35.0,gf,0.895,mm,OK,--,,,
1980,35.1,gf,0.895,mm,OK,--,,,
1981,35.1,gf,0.890,mm,OK,--,,,
1982,35.2,gf,0.885,mm,OK,--,,,
1983,35.2,gf,0.885,mm,OK,--,,,
1984,35.3,gf,0.880,mm,OK,--,,,
1985,35.4,gf,0.880,mm,OK,--,,,
1986,35.4,gf,0.875,mm,OK,--,,,
1987,35.5,gf,0.870,mm,OK,--,,,
1988,35.5,gf,0.870,mm,OK,--,,,
1989,35.6,gf,0.865,mm,OK,--,,,
1990,35.7,gf,0.865,mm,OK,--,,,
1991,35.7,gf,0.860,mm,OK,--,,,
1992,35.8,gf,0.855,mm,OK,--,,,
1993,35.9,gf,0.855,mm,OK,--,,,
1994,35.9,gf,0.850,mm,OK,--,,,
1995,36.0,gf,0.850,mm,OK,--,,,
1996,36.0,gf,0.845,mm,OK,--,,,
1997,36.1,gf,0.840,mm,OK,--,,,
1998,36.2,gf,0.840,mm,OK,--,,,
1999,36.2,gf,0.835,mm,OK,--,,,
2000,36.3,gf,0.835,mm,OK,--,,,
2001,36.3,gf,0.830,mm,OK,--,,,
2002,36.4,gf,0.825,mm,OK,--,,,
2003,36.5,gf,0.825,mm,OK,--,,,
2004,36.5,gf,0.820,mm,OK,--,,,
2005,36.6,gf,0.820,mm,OK,--,,,
2006,36.7,gf,0.815,mm,OK,--,,,
2007,36.7,gf,0.810,mm,OK,--,,,
2008,36.8,gf,0.810,mm,OK,--,,,
2009,36.8,gf,0.805,mm,OK,--,,,
2010,36.9,gf,0.805,mm,OK,--,,,
2011,37.0,gf,0.800,mm,OK,--,,,
2012,37.0,gf,0.795,mm,OK,--,,,
2013,37.1,gf,0.795,mm,OK,--,,,
2014,37.1,gf,0.790,mm,OK,--,,,
2015,37.2,gf,0.790,mm,OK,--,,,
2016,37.3,gf,0.785,mm,OK,--,,,
2017,37.3,gf,0.780,mm,OK,--,,,
2018,37.4,gf,0.780,mm,OK,--,,,
2019,37.5,gf,0.775,mm,OK,--,,,
2020,37.5,gf,0.775,mm,OK,--,,,
2021,37.6,gf,0.770,mm,OK,--,,,
2022,37.6,gf,0.765,mm,OK,--,,,
2023,37.7,gf,0.765,mm,OK,--,,,
2024,37.8,gf,0.760,mm,OK,--,,,
2025,37.8,gf,0.760,mm,OK,--,,,
2026,37.9,gf,0.755,mm,OK,--,,,
2027,37.9,gf,0.750,mm,OK,--,,,
2028,38.0,gf,0.750,mm,OK,--,,,
2029,38.1,gf,0.745,mm,OK,--,,,
2030,38.1,gf,0.745,mm,OK,--,,,
2031,38.2,gf,0.740,mm,OK,--,,,
2032,38.3,gf,0.735,mm,OK,--,,,
2033,38.3,gf,0.735,mm,OK,--,,,
2034,38.4,gf,0.730,mm,OK,--,,,
2035,38.4,gf,0.730,mm,OK,--,,,
2036,38.5,gf,0.725,mm,OK,--,,,
2037,38.6,gf,0.720,mm,OK,--,,,
2038,38.6,gf,0.720,mm,OK,--,,,
2039,38.7,gf,0.715,mm,OK,--,,,
2040,38.7,gf,0.715,mm,OK,--,,,
2041,38.8,gf,0.710,mm,OK,--,,,
2042,38.9,gf,0.705,mm,OK,--,,,
2043,38.9,gf,0.705,mm,OK,--,,,
2044,39.0,gf,0.700,mm,OK,--,,,
2045,39.0,gf,0.700,mm,OK,--,,,
2046,39.1,gf,0.695,mm,OK,--,,,
2047,39.2,gf,0.690,mm,OK,--,,,
2048,39.2,gf,0.690,mm,OK,--,,,
2049,39.3,gf,0.685,mm,OK,--,,,
2050,39.3,gf,0.685,mm,OK,--,,,
2051,39.4,gf,0.680,mm,OK,--,,,
2052,39.5,gf,0.675,mm,OK,--,,,
2053,39.5,gf,0.675,mm,OK,--,,,
2054,39.6,gf,0.670,mm,OK,--,,,
2055,39.7,gf,0.670,mm,OK,--,,,
2056,39.7,gf,0.665,mm,OK,--,,,
2057,39.8,gf,0.660,mm,OK,--,,,
2058,39.9,gf,0.660,mm,OK,--,,,
2059,39.9,gf,0.655,mm,OK,--,,,
2060,40.0,gf,0.655,mm,OK,--,,,
2061,40.1,gf,0.650,mm,OK,--,,,
2062,40.1,gf,0.645,mm,OK,--,,,
2063,40.2,gf,0.645,mm,OK,--,,,
2064,40.3,gf,0.640,mm,OK,--,,,
2065,40.3,gf,0.640,mm,OK,--,,,
2066,40.4,gf,0.635,mm,OK,--,,,
2067,40.5,gf,0.630,mm,OK,--,,,
2068,40.5,gf,0.630,mm,OK,--,,,
2069,40.6,gf,0.625,mm,OK,--,,,
2070,40.7,gf,0.625,mm,OK,--,,,
2071,40.7,gf,0.620,mm,OK,--,,,
2072,40.8,gf,0.615,mm,OK,--,,,
2073,40.9,gf,0.615,mm,OK,--,,,
2074,40.9,gf,0.610,mm,OK,--,,,
2075,41.0,gf,0.610,mm,OK,--,,,
2076,41.1,gf,0.605,mm,OK,--,,,
2077,41.1,gf,0.600,mm,OK,--,,,
2078,41.2,gf,0.600,mm,OK,--,,,
2079,41.3,gf,0.595,mm,OK,--,,,
2080,41.3,gf,0.595,mm,OK,--,,,
2081,41.4,gf,0.590,mm,OK,--,,,
2082,41.5,gf,0.585,mm,OK,--,,,
2083,41.5,gf,0.585,mm,OK,--,,,
2084,41.6,gf,0.580,mm,OK,--,,,
2085,41.6,gf,0.580,mm,OK,--,,,
2086,41.7,gf,0.575,mm,OK,--,,,
2087,41.8,gf,0.570,mm,OK,--,,,
2088,41.8,gf,0.570,mm,OK,--,,,
2089,41.9,gf,0.565,mm,OK,--,,,
2090,42.0,gf,0.565,mm,OK,--,,,
2091,42.0,gf,0.560,mm,OK,--,,,
2092,42.1,gf,0.555,mm,OK,--,,,
2093,42.1,gf,0.555,mm,OK,--,,,
2094,42.2,gf,0.550,mm,OK,--,,,
2095,42.2,gf,0.550,mm,OK,--,,,
2096,42.3,gf,0.545,mm,OK,--,,,
2097,42.3,gf,0.540,mm,OK,--,,,
2098,42.4,gf,0.540,mm,OK,--,,,
2099,42.5,gf,0.535,mm,OK,--,,,
2100,42.5,gf,0.535,mm,OK,--,,,
2101,42.6,gf,0.530,mm,OK,--,,,
2102,42.6,gf,0.525,mm,OK,--,,,
2103,42.7,gf,0.525,mm,OK,--,,,
2104,42.7,gf,0.520,mm,OK,--,,,
2105,42.7,gf,0.520,mm,OK,--,,,
2106,42.8,gf,0.515,mm,OK,--,,,
2107,42.8,gf,0.510,mm,OK,--,,,
2108,42.9,gf,0.510,mm,OK,--,,,
2109,42.9,gf,0.505,mm,OK,--,,,
2110,43.0,gf,0.505,mm,OK,--,,,
2111,43.0,gf,0.500,mm,OK,--,,,
2112,43.0,gf,0.495,mm,OK,--,,,
2113,43.1,gf,0.495,mm,OK,--,,,
2114,43.1,gf,0.490,mm,OK,--,,,
2115,43.2,gf,0.490,mm,OK,--,,,
2116,43.2,gf,0.485,mm,OK,--,,,
2117,43.2,gf,0.480,mm,OK,--,,,
2118,43.3,gf,0.480,mm,OK,--,,,
2119,43.3,gf,0.475,mm,OK,--,,,
2120,43.4,gf,0.475,mm,OK,--,,,
2121,43.4,gf,0.470,mm,OK,--,,,
2122,43.4,gf,0.465,mm,OK,--,,,
2123,43.5,gf,0.465,mm,OK,--,,,
2124,43.5,gf,0.460,mm,OK,--,,,
2125,43.6,gf,0.460,mm,OK,--,,,
2126,43.6,gf,0.455,mm,OK,--,,,
2127,43.6,gf,0.450,mm,OK,--,,,
2128,43.7,gf,0.450,mm,OK,--,,,
2129,43.7,gf,0.445,mm,OK,--,,,
2130,43.7,gf,0.445,mm,OK,--,,,
2131,43.8,gf,0.440,mm,OK,--,,,
2132,43.8,gf,0.435,mm,OK,--,,,
2133,43.8,gf,0.435,mm,OK,--,,,
2134,43.9,gf,0.430,mm,OK,--,,,
2135,43.9,gf,0.430,mm,OK,--,,,
2136,43.9,gf,0.425,mm,OK,--,,,
2137,43.9,gf,0.420,mm,OK,--,,,
2138,43.9,gf,0.420,mm,OK,--,,,
2139,44.0,gf,0.415,mm,OK,--,,,
2140,44.0,gf,0.415,mm,OK,--,,,
2141,44.0,gf,0.410,mm,OK,--,,,
2142,44.0,gf,0.405,mm,OK,--,,,
2143,44.0,gf,0.405,mm,OK,--,,,
2144,44.0,gf,0.400,mm,OK,--,,,
2145,44.0,gf,0.400,mm,OK,--,,,
2146,44.0,gf,0.395,mm,OK,--,,,
2147,44.0,gf,0.390,mm,OK,--,,,
2148,44.0,gf,0.390,mm,OK,--,,,
2149,44.0,gf,0.385,mm,OK,--,,,
2150,44.0,gf,0.385,mm,OK,--,,,
2151,44.0,gf,0.380,mm,OK,--,,,
2152,44.0,gf,0.375,mm,OK,--,,,
2153,44.0,gf,0.375,mm,OK,--,,,
2154,44.0,gf,0.370,mm,OK,--,,,
2155,44.0,gf,0.370,mm,OK,--,,,
2156,44.0,gf,0.365,mm,OK,--,,,
2157,44.0,gf,0.360,mm,OK,--,,,
2158,44.0,gf,0.360,mm,OK,--,,,
2159,44.0,gf,0.355,mm,OK,--,,,
2160,44.0,gf,0.355,mm,OK,--,,,
2161,44.0,gf,0.350,mm,OK,--,,,
2162,44.0,gf,0.345,mm,OK,--,,,
2163,44.0,gf,0.345,mm,OK,--,,,
2164,44.0,gf,0.340,mm,OK,--,,,
2165,44.0,gf,0.340,mm,OK,--,,,
2166,44.0,gf,0.335,mm,OK,--,,,
2167,44.0,gf,0.330,mm,OK,--,,,
2168,44.0,gf,0.330,mm,OK,--,,,
2169,44.0,gf,0.325,mm,OK,--,,,
2170,44.0,gf,0.325,mm,OK,--,,,
2171,44.0,gf,0.320,mm,OK,--,,,
2172,44.0,gf,0.315,mm,OK,--,,,
2173,44.0,gf,0.315,mm,OK,--,,,
2174,44.0,gf,0.310,mm,OK,--,,,
2175,44.0,gf,0.310,mm,OK,--,,,
2176,44.0,gf,0.305,mm,OK,--,,,
2177,44.0,gf,0.300,mm,OK,--,,,
2178,44.0,gf,0.300,mm,OK,--,,,
2179,44.0,gf,0.295,mm,OK,--,,,
2180,44.0,gf,0.295,mm,OK,--,,,
2181,43.9,gf,0.290,mm,OK,--,,,
2182,43.9,gf,0.285,mm,OK,--,,,
2183,43.8,gf,0.285,mm,OK,--,,,
2184,43.8,gf,0.280,mm,OK,--,,,
2185,43.7,gf,0.280,mm,OK,--,,,
2186,43.6,gf,0.275,mm,OK,--,,,
2187,43.6,gf,0.270,mm,OK,--,,,
2188,43.5,gf,0.270,mm,OK,--,,,
2189,43.4,gf,0.265,mm,OK,--,,,
2190,43.3,gf,0.265,mm,OK,--,,,
2191,43.1,gf,0.260,mm,OK,--,,,
2192,43.0,gf,0.255,mm,OK,--,,,
2193,42.9,gf,0.255,mm,OK,--,,,
2194,42.8,gf,0.250,mm,OK,--,,,
2195,42.6,gf,0.250,mm,OK,--,,,
2196,42.5,gf,0.245,mm,OK,--,,,
2197,42.3,gf,0.240,mm,OK,--,,,
2198,42.2,gf,0.240,mm,OK,--,,,
2199,42.0,gf,0.235,mm,OK,--,,,
2200,41.9,gf,0.235,mm,OK,--,,,
2201,41.7,gf,0.230,mm,OK,--,,,
2202,41.5,gf,0.225,mm,OK,--,,,
2203,41.4,gf,0.225,mm,OK,--,,,
2204,41.2,gf,0.220,mm,OK,--,,,
2205,41.0,gf,0.220,mm,OK,--,,,
2206,40.9,gf,0.215,mm,OK,--,,,
2207,40.7,gf,0.210,mm,OK,--,,,
2208,40.5,gf,0.210,mm,OK,--,,,
2209,40.3,gf,0.205,mm,OK,--,,,
2210,40.2,gf,0.205,mm,OK,--,,,
2211,40.0,gf,0.200,mm,OK,--,,,
2212,39.8,gf,0.195,mm,OK,--,,,
2213,39.6,gf,0.195,mm,OK,--,,,
2214,39.5,gf,0.190,mm,OK,--,,,
2215,39.3,gf,0.190,mm,OK,--,,,
2216,39.1,gf,0.185,mm,OK,--,,,
2217,38.8,gf,0.180,mm,OK,--,,,
2218,38.6,gf,0.180,mm,OK,--,,,
2219,38.4,gf,0.175,mm,OK,--,,,
2220,38.2,gf,0.175,mm,OK,--,,,
2221,37.9,gf,0.170,mm,OK,--,,,
2222,37.7,gf,0.165,mm,OK,--,,,
2223,37.4,gf,0.165,mm,OK,--,,,
2224,37.2,gf,0.160,mm,OK,--,,,
2225,36.9,gf,0.160,mm,OK,--,,,
2226,36.6,gf,0.155,mm,OK,--,,,
2227,36.3,gf,0.150,mm,OK,--,,,
2228,36.0,gf,0.150,mm,OK,--,,,
2229,35.7,gf,0.145,mm,OK,--,,,
2230,35.4,gf,0.145,mm,OK,--,,,
2231,35.1,gf,0.140,mm,OK,--,,,
2232,34.8,gf,0.135,mm,OK,--,,,
2233,34.4,gf,0.135,mm,OK,--,,,
2234,34.1,gf,0.130,mm,OK,--,,,
2235,33.7,gf,0.130,mm,OK,--,,,
2236,33.4,gf,0.125,mm,OK,--,,,
2237,33.0,gf,0.120,mm,OK,--,,,
2238,32.6,gf,0.120,mm,OK,--,,,
2239,32.2,gf,0.115,mm,OK,--,,,
2240,31.8,gf,0.115,mm,OK,--,,,
2241,31.4,gf,0.110,mm,OK,--,,,
2242,31.0,gf,0.105,mm,OK,--,,,
2243,30.6,gf,0.105,mm,OK,--,,,
2244,30.1,gf,0.100,mm,OK,--,,,
2245,29.7,gf,0.100,mm,OK,--,,,
2246,29.2,gf,0.095,mm,OK,--,,,
2247,28.7,gf,0.090,mm,OK,--,,,
2248,28.2,gf,0.090,mm,OK,--,,,
2249,27.6,gf,0.085,mm,OK,--,,,
2250,27.0,gf,0.085,mm,OK,--,,,
2251,26.3,gf,0.080,mm,OK,--,,,
2252,25.7,gf,0.075,mm,OK,--,,,
2253,25.0,gf,0.075,mm,OK,--,,,
2254,24.2,gf,0.070,mm,OK,--,,,
2255,23.4,gf,0.070,mm,OK,--,,,
2256,22.6,gf,0.065,mm,OK,--,,,
2257,21.8,gf,0.060,mm,OK,--,,,
2258,20.9,gf,0.060,mm,OK,--,,,
2259,20.0,gf,0.055,mm,OK,--,,,
2260,19.0,gf,0.055,mm,OK,--,,,
2261,18.0,gf,0.050,mm,OK,--,,,
2262,16.8,gf,0.045,mm,OK,--,,,
2263,15.3,gf,0.045,mm,OK,--,,,
2264,13.7,gf,0.040,mm,OK,--,,,
2265,11.9,gf,0.040,mm,OK,--,,,
2266,10.3,gf,0.035,mm,OK,--,,,
2267,8.8,gf,0.030,mm,OK,--,,,
2268,7.6,gf,0.030,mm,OK,--,,,
2269,6.6,gf,0.025,mm,OK,--,,,
2270,5.6,gf,0.025,mm,OK,--,,,
2271,4.6,gf,0.020,mm,OK,--,,,
2272,3.8,gf,0.015,mm,OK,--,,,
2273,3.0,gf,0.015,mm,OK,--,,,
2274,2.2,gf,0.010,mm,OK,--,,,
2275,1.5,gf,0.010,mm,OK,--,,,
2276,0.9,gf,0.005,mm,OK,--,,,
2277,0.3,gf,0.000,mm,OK,--,,,
2278,-0.1,gf,0.000,mm,OK,--,,,
2279,-0.1,gf,-0.005,mm,OK,--,,,
2280,0.0,gf,-0.005,mm,OK,--,,,
2281,0.1,gf,-0.010,mm,OK,--,,,
2282,0.1,gf,-0.015,mm,OK,--,,,
2283,0.0,gf,-0.015,mm,OK,--,,,
2284,0.0,gf,-0.015,mm,OK,--,,,
2285,0.0,gf,-0.015,mm,OK,--,,,
2286,0.0,gf,-0.015,mm,OK,--,,,
2287,0.0,gf,-0.015,mm,OK,--,,,
2288,0.0,gf,-0.015,mm,OK,--,,,
2289,0.0,gf,-0.015,mm,OK,--,,,
2290,0.0,gf,-0.015,mm,OK,--,,,
2291,0.0,gf,-0.015,mm,OK,--,,,
2292,0.0,gf,-0.015,mm,OK,--,,,
